Step,Loss,Epsilon,Reward,Action
0,0.8660838603973389,0.9684988314739038,0.8375000357627869,0
1,0.762457549571991,0.9680145820581669,0.875,0
2,0.6809707283973694,0.9675305747671379,0.9031250476837158,0
3,0.5154619216918945,0.9670468094797544,0.84375,0
4,0.4299948215484619,0.9665632860750146,0.9515625238418579,0
5,0.29388195276260376,0.9660800044319772,0.9437499642372131,1
6,0.2531238794326782,0.9655969644297613,0.9203125238418579,1
7,0.12225973606109619,0.9651141659475465,0.926562488079071,0
8,0.06793975085020065,0.9646316088645728,0.9234374761581421,0
9,0.07193522900342941,0.9641492930601405,0.971875011920929,0
10,0.15743893384933472,0.9636672184136105,0.8921874761581421,0
11,0.13276560604572296,0.9631853848044037,0.9546874761581421,0
12,0.20068004727363586,0.9627037921120016,0.8921874761581421,0
13,0.15555033087730408,0.9622224402159457,0.909375011920929,0
14,0.19911521673202515,0.9617413289958378,0.8859374523162842,0
15,0.08493252843618393,0.9612604583313399,0.9125000238418579,1
16,0.08334150910377502,0.9607798281021742,0.9203125238418579,0
17,0.10030171275138855,0.9602994381881231,0.875,1
18,0.028988756239414215,0.9598192884690291,0.9578125476837158,0
0,0.9750173091888428,0.9684988314739038,0.9578125476837158,0
1,0.7749069929122925,0.9680145820581669,0.9171874523162842,0
2,0.6209414601325989,0.9675305747671379,0.8890625238418579,0
3,0.5336505770683289,0.9670468094797544,0.934374988079071,0
4,0.4077721834182739,0.9665632860750146,0.90625,0
5,0.31714093685150146,0.9660800044319772,0.9093749523162842,0
6,0.24132952094078064,0.9655969644297613,0.90625,1
7,0.18380805850028992,0.9651141659475465,0.8999999761581421,1
8,0.12991754710674286,0.9646316088645728,0.8890624642372131,0
9,0.04649887979030609,0.9641492930601405,0.9828125238418579,0
10,0.09591174125671387,0.9636672184136105,0.8921874761581421,0
11,0.09572423994541168,0.9631853848044037,0.965624988079071,1
12,0.12704738974571228,0.9627037921120016,0.9375,0
13,0.14810776710510254,0.9622224402159457,0.9343749284744263,0
14,0.10706441104412079,0.9617413289958378,0.9515625238418579,0
15,0.0947553887963295,0.9612604583313399,0.9375,0
16,0.09953875839710236,0.9607798281021742,0.9093749523162842,1
17,0.04661382734775543,0.9602994381881231,0.9546874761581421,0
18,0.0324900820851326,0.9598192884690291,0.96875,0
19,0.10653358697891235,0.9593393788247946,0.8828125,0
20,0.05061972141265869,0.9588597091353822,0.96875,0
21,0.08064991980791092,0.9583802792808146,0.9375,0
22,0.11533766239881516,0.9579010891411742,0.885937511920929,1
23,0.08215547353029251,0.9574221385966036,0.9312499761581421,1
24,0.0882483720779419,0.9569434275273054,0.9171874523162842,0
25,0.0637381374835968,0.9564649558135419,0.9515625238418579,0
26,0.06766528636217117,0.9559867233356352,0.9343750476837158,0
27,0.05686461925506592,0.9555087299739674,0.9375,0
28,0.04373585432767868,0.9550309756089804,0.9515625238418579,1
29,0.01789959892630577,0.954553460121176,0.9718749523162842,0
30,0.9666446447372437,0.9540761833911156,0.9859374761581421,0
31,0.7941693067550659,0.95359914529942,0.96875,0
32,0.5527127981185913,0.9531223457267703,0.9171874523162842,0
33,0.35857445001602173,0.952645784553907,0.9546874761581421,0
34,0.2132302075624466,0.9521694616616301,0.9171874523162842,0
35,0.11350947618484497,0.9516933769307994,0.96875,0
36,0.06806435436010361,0.951217530242334,0.9343750476837158,0
37,0.12174662947654724,0.9507419214772129,0.965624988079071,0
38,0.22458305954933167,0.9502665505164744,0.9656250476837158,0
39,0.21123966574668884,0.9497914172412162,0.9859374761581421,0
40,0.23879536986351013,0.9493165215325956,0.96875,1
41,0.14793111383914948,0.9488418632718294,1.0,0
42,0.12700647115707397,0.9483674423401935,0.9515625238418579,1
43,0.042455241084098816,0.9478932586190235,0.9828125238418579,0
44,0.0009425203315913677,0.9474193119897141,1.0,0
45,0.02353569120168686,0.9469456023337193,0.9828125238418579,0
46,0.057435452938079834,0.9464721295325524,0.965624988079071,0
47,0.10414543747901917,0.9459988934677862,0.9093749523162842,0
48,0.09584885835647583,0.9455258940210524,0.9859374761581421,0
49,0.10272005200386047,0.9450531310740419,0.971875011920929,0
50,0.08482647687196732,0.9445806045085049,0.9859374761581421,0
51,0.06894303113222122,0.9441083142062507,0.9859374761581421,0
52,0.05504828691482544,0.9436362600491477,0.9578125476837158,0
53,0.041792891919612885,0.9431644419191232,0.9546874761581421,0
54,0.0031877756118774414,0.9426928596981636,1.0,0
55,0.0005990499048493803,0.9422215132683146,1.0,0
56,0.037425074726343155,0.9417504025116805,0.96875,0
57,0.05287235975265503,0.9412795273104247,0.9546874761581421,0
58,0.02298981323838234,0.9408088875467696,1.0,0
59,0.08235879242420197,0.9403384831029963,0.9375,0
60,0.9366506338119507,0.9398683138614449,0.96875,0
61,0.7977892160415649,0.9393983797045142,0.9859374761581421,0
62,0.5392125248908997,0.938928680514662,0.965624988079071,0
63,0.2721732258796692,0.9384592161744048,0.9515625238418579,0
64,0.10824570804834366,0.9379899865663176,0.9406249523162842,1
65,0.025184616446495056,0.9375209915730345,0.9828125238418579,0
0,0.9549219608306885,0.9684988314739038,0.903124988079071,0
1,0.79641193151474,0.9680145820581669,0.9062500596046448,0
2,0.6421175599098206,0.9675305747671379,0.8953125476837158,0
3,0.5904252529144287,0.9670468094797544,0.9203125238418579,1
4,0.4306217432022095,0.9665632860750146,0.9156249761581421,1
5,0.37964245676994324,0.9660800044319772,0.934374988079071,1
6,0.309555321931839,0.9655969644297613,0.9203125238418579,0
7,0.1808440387248993,0.9651141659475465,0.8656250238418579,1
8,0.15890304744243622,0.9646316088645728,0.9203125238418579,0
9,0.1270827353000641,0.9641492930601405,0.9546874761581421,0
10,0.09984685480594635,0.9636672184136105,0.9546874761581421,0
11,0.1356818675994873,0.9631853848044037,0.9093749523162842,0
12,0.14583560824394226,0.9627037921120016,0.909375011920929,0
13,0.133154034614563,0.9622224402159457,0.9546874761581421,0
14,0.1283196359872818,0.9617413289958378,0.9515625238418579,1
15,0.15958231687545776,0.9612604583313399,0.878125011920929,0
16,0.10789584368467331,0.9607798281021742,0.9203125238418579,0
17,0.07685310393571854,0.9602994381881231,0.909375011920929,0
18,0.08322581648826599,0.9598192884690291,0.8890625238418579,0
19,0.05408349260687828,0.9593393788247946,0.9375,0
20,0.06786434352397919,0.9588597091353822,0.9234374761581421,0
21,0.08889539539813995,0.9583802792808146,0.9093749523162842,0
22,0.0954928994178772,0.9579010891411742,0.9171874523162842,0
23,0.10829245299100876,0.9574221385966036,0.8921874761581421,0
24,0.07954880595207214,0.9569434275273054,0.9515625238418579,0
25,0.06914763152599335,0.9564649558135419,0.9546874761581421,0
26,0.04538744315505028,0.9559867233356352,0.9859374761581421,0
27,0.05589902400970459,0.9555087299739674,0.9515625238418579,0
28,0.043440110981464386,0.9550309756089804,0.9546874761581421,1
29,0.043675947934389114,0.954553460121176,0.9406250715255737,0
30,0.9200233221054077,0.9540761833911156,0.9375,0
31,0.759077787399292,0.95359914529942,0.940625011920929,0
32,0.5583102107048035,0.9531223457267703,0.926562488079071,0
33,0.3935376703739166,0.952645784553907,1.0,0
34,0.19689440727233887,0.9521694616616301,1.0,0
35,0.08888809382915497,0.9516933769307994,0.9203125238418579,0
36,0.06036163493990898,0.951217530242334,0.96875,0
37,0.1017988920211792,0.9507419214772129,0.96875,0
38,0.22073309123516083,0.9502665505164744,0.940625011920929,0
39,0.2752798795700073,0.9497914172412162,0.96875,0
40,0.35035502910614014,0.9493165215325956,0.9203125238418579,0
41,0.25121307373046875,0.9488418632718294,0.9656250476837158,0
42,0.12673024833202362,0.9483674423401935,0.96875,0
43,0.04279834032058716,0.9478932586190235,0.971875011920929,1
44,0.008835834451019764,0.9474193119897141,0.9859374761581421,0
45,0.03776690736413002,0.9469456023337193,0.940625011920929,0
46,0.04973836615681648,0.9464721295325524,0.96875,0
47,0.07687759399414062,0.9459988934677862,0.9828125238418579,0
48,0.096221923828125,0.9455258940210524,0.9859374761581421,0
49,0.1207084134221077,0.9450531310740419,0.9375,1
50,0.10736127942800522,0.9445806045085049,0.9578125476837158,0
51,0.10586848855018616,0.9441083142062507,0.9515625238418579,0
52,0.07829540222883224,0.9436362600491477,0.9546874761581421,0
53,0.043834343552589417,0.9431644419191232,0.9828125238418579,0
54,0.031033584848046303,0.9426928596981636,0.96875,0
55,0.017805403098464012,0.9422215132683146,0.9828125238418579,0
56,0.02315670996904373,0.9417504025116805,0.9546874761581421,0
57,0.010252303443849087,0.9412795273104247,0.9859374761581421,0
58,0.02087271586060524,0.9408088875467696,0.9859374761581421,0
59,0.09165643900632858,0.9403384831029963,0.9343749284744263,1
60,0.9314833879470825,0.9398683138614449,0.96875,0
61,0.7354185581207275,0.9393983797045142,0.9343750476837158,0
62,0.5242059230804443,0.938928680514662,0.96875,0
63,0.2626354694366455,0.9384592161744048,0.9484374523162842,0
64,0.07846271991729736,0.9379899865663176,0.96875,0
65,0.02247803285717964,0.9375209915730345,0.9828125238418579,0
66,0.0915725827217102,0.937052231077248,0.9859374761581421,0
67,0.2675102949142456,0.9365837049617094,0.96875,0
68,0.30315595865249634,0.9361154131092286,0.971875011920929,0
69,0.3008013069629669,0.9356473554026741,0.9859374761581421,0
70,0.20229054987430573,0.9351795317249728,0.971875011920929,0
71,0.14486661553382874,0.9347119419591103,0.9656250476837158,0
72,0.037154413759708405,0.9342445859881309,0.9828125238418579,0
0,0.5330146551132202,0.9684988314739038,0.5062500238418579,0
1,0.5014567375183105,0.9680145820581669,0.582812488079071,1
2,0.34324267506599426,0.9675305747671379,0.4624999761581421,0
3,0.3125215470790863,0.9670468094797544,0.4906250238418579,1
4,0.2854636013507843,0.9665632860750146,0.5328124761581421,1
5,0.19743379950523376,0.9660800044319772,0.421875,1
6,0.17542162537574768,0.9655969644297613,0.4156249761581421,0
7,0.1702268123626709,0.9651141659475465,0.4468749761581421,0
8,0.17133140563964844,0.9646316088645728,0.41874998807907104,1
9,0.11417200416326523,0.9641492930601405,0.4671875238418579,0
0,0.5957621335983276,0.9684988314739038,0.5874999761581421,1
1,0.47442907094955444,0.9680145820581669,0.589062511920929,0
2,0.33581089973449707,0.9675305747671379,0.5234375,1
3,0.27154019474983215,0.9670468094797544,0.546875,1
4,0.22452974319458008,0.9665632860750146,0.574999988079071,0
5,0.16415250301361084,0.9660800044319772,0.4859374761581421,1
6,0.15483734011650085,0.9655969644297613,0.5374999642372131,1
7,0.16151826083660126,0.9651141659475465,0.48906248807907104,1
8,0.10373380780220032,0.9646316088645728,0.6015625,1
9,0.20455047488212585,0.9641492930601405,0.5296875238418579,1
10,0.16823415458202362,0.9636672184136105,0.6062499284744263,1
11,0.2107817530632019,0.9631853848044037,0.4562499523162842,1
12,0.14558613300323486,0.9627037921120016,0.5296875238418579,0
13,0.11365126073360443,0.9622224402159457,0.4375,1
14,0.08543936163187027,0.9617413289958378,0.4281250238418579,0
0,0.6497954726219177,0.9684988314739038,0.5390625,0
1,0.5606056451797485,0.9680145820581669,0.5656249523162842,1
2,0.42228221893310547,0.9675305747671379,0.4937499761581421,1
3,0.29757410287857056,0.9670468094797544,0.3968749940395355,1
4,0.3695680499076843,0.9665632860750146,0.596875011920929,1
5,0.25911957025527954,0.9660800044319772,0.5015625357627869,1
6,0.23688630759716034,0.9655969644297613,0.5562499761581421,1
7,0.16597004234790802,0.9651141659475465,0.4703125059604645,1
8,0.17521624267101288,0.9646316088645728,0.39374998211860657,0
9,0.17604398727416992,0.9641492930601405,0.5984374284744263,1
10,0.16431313753128052,0.9636672184136105,0.574999988079071,1
11,0.17700733244419098,0.9631853848044037,0.5093749761581421,0
12,0.12619158625602722,0.9627037921120016,0.47343748807907104,1
13,0.08892146497964859,0.9622224402159457,0.5125000476837158,1
14,0.10240106284618378,0.9617413289958378,0.535937488079071,0
15,0.15380223095417023,0.9612604583313399,0.4203124940395355,1
16,0.13148534297943115,0.9607798281021742,0.503125011920929,1
17,0.09969501197338104,0.9602994381881231,0.5453125238418579,1
18,0.09920258820056915,0.9598192884690291,0.4999999701976776,1
19,0.10130497813224792,0.9593393788247946,0.4859374761581421,1
20,0.09191884100437164,0.9588597091353822,0.48281246423721313,1
21,0.09693461656570435,0.9583802792808146,0.4781249761581421,1
22,0.0729152038693428,0.9579010891411742,0.44218748807907104,1
23,0.09265328198671341,0.9574221385966036,0.4671874940395355,1
24,0.06172103434801102,0.9569434275273054,0.4281250238418579,0
25,0.0705736055970192,0.9564649558135419,0.5609374642372131,1
26,0.0779217928647995,0.9559867233356352,0.4921875,1
27,0.04962003976106644,0.9555087299739674,0.4624999761581421,0
28,0.04621320962905884,0.9550309756089804,0.4546874761581421,1
29,0.05040156468749046,0.954553460121176,0.44062498211860657,1
30,0.48904740810394287,0.9540761833911156,0.44062501192092896,0
31,0.44940999150276184,0.95359914529942,0.4765625,1
32,0.32679349184036255,0.9531223457267703,0.45781248807907104,1
33,0.2634214758872986,0.952645784553907,0.559374988079071,1
34,0.15474815666675568,0.9521694616616301,0.4859375059604645,1
35,0.1194075345993042,0.9516933769307994,0.39374998211860657,0
36,0.11393807828426361,0.951217530242334,0.39375001192092896,1
37,0.15840111672878265,0.9507419214772129,0.3999999761581421,1
38,0.19380690157413483,0.9502665505164744,0.4374999701976776,1
39,0.15046469867229462,0.9497914172412162,0.36562496423721313,0
40,0.14413045346736908,0.9493165215325956,0.41718751192092896,0
41,0.12968935072422028,0.9488418632718294,0.31562501192092896,0
42,0.0508342869579792,0.9483674423401935,0.41093748807907104,0
43,0.03918968886137009,0.9478932586190235,0.3031249940395355,0
44,0.03270465508103371,0.9474193119897141,0.40937501192092896,1
45,0.02312849834561348,0.9469456023337193,0.3812499940395355,1
46,0.04660602658987045,0.9464721295325524,0.4140625,0
47,0.05634193867444992,0.9459988934677862,0.37187498807907104,1
48,0.05329636484384537,0.9455258940210524,0.44062498211860657,1
49,0.04428032785654068,0.9450531310740419,0.3062499761581421,0
50,0.05573463439941406,0.9445806045085049,0.40937501192092896,0
51,0.02955314703285694,0.9441083142062507,0.3109375238418579,0
52,0.026547161862254143,0.9436362600491477,0.3453124761581421,0
53,0.023235302418470383,0.9431644419191232,0.375,1
54,0.016145067289471626,0.9426928596981636,0.4046874940395355,1
55,0.024169987067580223,0.9422215132683146,0.4234375059604645,1
56,0.026180624961853027,0.9417504025116805,0.3812500238418579,0
57,0.020140547305345535,0.9412795273104247,0.375,1
58,0.029393430799245834,0.9408088875467696,0.43906253576278687,1
59,0.04549418389797211,0.9403384831029963,0.45781248807907104,1
60,0.3636322319507599,0.9398683138614449,0.37187498807907104,1
61,0.4022165536880493,0.9393983797045142,0.4687499701976776,1
62,0.28739845752716064,0.938928680514662,0.4453125,0
63,0.09288331121206284,0.9384592161744048,0.21718749403953552,1
64,0.05691312253475189,0.9379899865663176,0.23593750596046448,1
65,0.060663577169179916,0.9375209915730345,0.3296875059604645,0
66,0.09106335043907166,0.937052231077248,0.2640625238418579,0
67,0.09781758487224579,0.9365837049617094,0.34375,0
68,0.09505228698253632,0.9361154131092286,0.34687498211860657,0
69,0.07423552125692368,0.9356473554026741,0.3765625059604645,1
70,0.059794142842292786,0.9351795317249728,0.3125,1
71,0.031093968078494072,0.9347119419591103,0.43281248211860657,1
0,0.9993603825569153,0.9684988314739038,0.9859374761581421,0
1,0.8683338165283203,0.9680145820581669,1.0,0
2,0.7334563732147217,0.9675305747671379,0.9859374761581421,0
3,0.6181910634040833,0.9670468094797544,0.965624988079071,0
4,0.4966544210910797,0.9665632860750146,0.9828125238418579,0
5,0.4004557728767395,0.9660800044319772,0.965624988079071,0
6,0.29423797130584717,0.9655969644297613,0.965624988079071,0
7,0.22020509839057922,0.9651141659475465,0.917187511920929,0
8,0.13400328159332275,0.9646316088645728,0.903124988079071,0
9,0.06467903405427933,0.9641492930601405,1.0,0
10,0.03666304796934128,0.9636672184136105,0.9859374761581421,0
11,0.03429962694644928,0.9631853848044037,0.9859374761581421,0
12,0.10109256953001022,0.9627037921120016,0.9515625238418579,0
13,0.09964211285114288,0.9622224402159457,1.0,0
14,0.10643341392278671,0.9617413289958378,1.0,0
15,0.10331210494041443,0.9612604583313399,0.9859374761581421,0
0,1.323161005973816,0.9684988314739038,1.0,0
1,1.0696415901184082,0.9680145820581669,0.96875,0
2,0.958898663520813,0.9675305747671379,1.0,0
3,0.8252696990966797,0.9670468094797544,1.0,0
4,0.6752443909645081,0.9665632860750146,0.96875,0
5,0.5607575178146362,0.9660800044319772,1.0,0
6,0.41654565930366516,0.9655969644297613,0.948437511920929,0
7,0.31599339842796326,0.9651141659475465,0.9859374761581421,0
8,0.1904045045375824,0.9646316088645728,1.0,0
9,0.09293703734874725,0.9641492930601405,0.9859374761581421,0
10,0.0615038201212883,0.9636672184136105,1.0,0
0,0.9874194860458374,0.9684988314739038,0.96875,1
1,0.806441068649292,0.9680145820581669,1.0,1
2,0.6170151829719543,0.9675305747671379,0.96875,0
3,0.4397807717323303,0.9670468094797544,0.90625,0
4,0.2678122818470001,0.9665632860750146,0.9437500238418579,0
5,0.1783403605222702,0.9660800044319772,1.0,1
6,0.06888990104198456,0.9655969644297613,0.9828125238418579,0
7,0.15038341283798218,0.9651141659475465,0.9656250476837158,0
8,0.07826770842075348,0.9646316088645728,0.9578125476837158,0
9,0.21903389692306519,0.9641492930601405,0.90625,0
10,0.1302310675382614,0.9636672184136105,1.0,0
11,0.13165824115276337,0.9631853848044037,0.96875,1
12,0.12935572862625122,0.9627037921120016,0.9343750476837158,0
13,0.05523504316806793,0.9622224402159457,0.96875,0
14,0.006055906414985657,0.9617413289958378,1.0,0
15,0.04382241517305374,0.9612604583313399,0.9375,1
16,0.053789012134075165,0.9607798281021742,0.9515625238418579,0
17,0.04372613877058029,0.9602994381881231,0.9859374761581421,0
18,0.04806789755821228,0.9598192884690291,1.0,0
19,0.09769342839717865,0.9593393788247946,0.9203125238418579,0
20,0.04350270330905914,0.9588597091353822,1.0,0
21,0.06394690275192261,0.9583802792808146,0.9515625238418579,0
22,0.02991470694541931,0.9579010891411742,0.9828125238418579,0
23,0.008284004405140877,0.9574221385966036,1.0,0
24,0.014754804782569408,0.9569434275273054,0.9859374761581421,0
25,0.06337472796440125,0.9564649558135419,0.9312499761581421,0
26,0.07039887458086014,0.9559867233356352,0.9375,0
27,0.009139071218669415,0.9555087299739674,1.0,0
28,0.03818333148956299,0.9550309756089804,0.9718749523162842,0
29,0.04951436072587967,0.954553460121176,0.965624988079071,0
30,0.9636997580528259,0.9540761833911156,0.9828125238418579,0
31,0.8393694162368774,0.95359914529942,0.9828125238418579,1
32,0.609849214553833,0.9531223457267703,0.9515625238418579,0
33,0.3987981677055359,0.952645784553907,0.9859374761581421,0
34,0.1719677448272705,0.9521694616616301,0.9828125238418579,0
35,0.04470299184322357,0.9516933769307994,0.9828125238418579,0
36,0.02712201699614525,0.951217530242334,1.0,0
37,0.1947503536939621,0.9507419214772129,0.965624988079071,0
38,0.27384018898010254,0.9502665505164744,0.9859374761581421,0
39,0.3051644563674927,0.9497914172412162,1.0,0
40,0.25580310821533203,0.9493165215325956,0.9718749523162842,0
41,0.19572432339191437,0.9488418632718294,0.965624988079071,0
42,0.056964077055454254,0.9483674423401935,0.9859374761581421,0
43,0.05352764576673508,0.9478932586190235,0.948437511920929,0
44,0.04806223511695862,0.9474193119897141,0.9515625238418579,0
45,0.05571315437555313,0.9469456023337193,1.0,0
46,0.1040593832731247,0.9464721295325524,1.0,0
47,0.1283910870552063,0.9459988934677862,0.9859374761581421,0
48,0.14154283702373505,0.9455258940210524,0.96875,0
49,0.1298169046640396,0.9450531310740419,0.9828125238418579,0
50,0.09607790410518646,0.9445806045085049,0.9828125238418579,0
51,0.060469914227724075,0.9441083142062507,0.9828125238418579,0
52,0.01955174282193184,0.9436362600491477,1.0,0
53,0.018856430426239967,0.9431644419191232,0.9828125238418579,0
54,0.0190117284655571,0.9426928596981636,0.971875011920929,0
55,0.015103710815310478,0.9422215132683146,1.0,0
56,0.06720787286758423,0.9417504025116805,0.96875,0
57,0.06637337058782578,0.9412795273104247,0.9828125238418579,0
58,0.09026680141687393,0.9408088875467696,0.9656250476837158,0
59,0.047054845839738846,0.9403384831029963,0.9828125238418579,0
60,0.9424100518226624,0.9398683138614449,0.9828125238418579,0
61,0.8119333982467651,0.9393983797045142,0.965624988079071,0
62,0.58040452003479,0.938928680514662,1.0,0
63,0.297677606344223,0.9384592161744048,0.9859374761581421,0
64,0.10099669545888901,0.9379899865663176,0.9828125238418579,0
65,0.05667869746685028,0.9375209915730345,0.9375,0
66,0.1161511167883873,0.937052231077248,0.9437500238418579,0
67,0.27731984853744507,0.9365837049617094,1.0,0
68,0.3409932851791382,0.9361154131092286,1.0,0
69,0.3113771677017212,0.9356473554026741,0.9859374761581421,0
70,0.1934342086315155,0.9351795317249728,1.0,0
71,0.060554906725883484,0.9347119419591103,1.0,0
72,0.024011269211769104,0.9342445859881309,0.9828125238418579,0
73,0.016014374792575836,0.9337774636951368,1.0,0
74,0.07860702276229858,0.9333105749632893,0.9546874761581421,0
75,0.13833880424499512,0.9328439196758077,0.9656250476837158,0
76,0.15312713384628296,0.9323774977159699,1.0,0
77,0.15540404617786407,0.9319113089671119,1.0,0
78,0.11656465381383896,0.9314453533126285,0.9859374761581421,0
79,0.06637029349803925,0.9309796306359722,0.9718749523162842,0
80,0.025000495836138725,0.9305141408206543,0.9859374761581421,0
81,0.0015026957262307405,0.9300488837502441,1.0,0
82,0.015857882797718048,0.9295838593083691,0.9859374761581421,0
83,0.03784026950597763,0.929119067378715,1.0,0
84,0.1353176385164261,0.9286545078450257,0.9484374523162842,0
85,0.08182912319898605,0.9281901805911033,0.9828125238418579,0
86,0.07092171907424927,0.9277260855008077,0.96875,0
87,0.017753086984157562,0.9272622224580573,1.0,0
88,0.002444641198962927,0.9267985913468284,1.0,0
89,0.0013289088383316994,0.926335192051155,1.0,0
90,0.9255084991455078,0.9258720244551295,0.9828125238418579,0
91,0.8138670325279236,0.925409088442902,1.0,1
92,0.5257221460342407,0.9249463838986807,1.0,0
93,0.20946913957595825,0.9244839107067314,1.0,0
94,0.034102663397789,0.9240216687513781,0.9828125238418579,0
95,0.03921687230467796,0.9235596579170025,1.0,0
96,0.2694609463214874,0.923097878088044,0.965624988079071,0
97,0.3753293752670288,0.9226363291490001,1.0,0
98,0.37605223059654236,0.9221750109844257,1.0,0
99,0.24114753305912018,0.9217139234789336,1.0,0
100,0.09023439139127731,0.9212530665171942,1.0,0
0,1.0257290601730347,0.9684988314739038,0.9515625238418579,0
1,0.8676034212112427,0.9680145820581669,0.9375,0
2,0.7587240934371948,0.9675305747671379,0.948437511920929,0
3,0.6537420153617859,0.9670468094797544,0.9859374761581421,0
4,0.5279393196105957,0.9665632860750146,0.965624988079071,0
5,0.4296020269393921,0.9660800044319772,0.96875,0
6,0.2606331706047058,0.9655969644297613,0.9546874761581421,0
7,0.20160533487796783,0.9651141659475465,0.9515625238418579,0
8,0.11308570206165314,0.9646316088645728,0.9859374761581421,0
9,0.08521667867898941,0.9641492930601405,0.9515625238418579,0
10,0.0644930750131607,0.9636672184136105,0.9546874761581421,1
11,0.08262649923563004,0.9631853848044037,0.96875,1
12,0.15963631868362427,0.9627037921120016,0.9515625238418579,0
13,0.19837841391563416,0.9622224402159457,0.9484374523162842,0
14,0.10513406246900558,0.9617413289958378,0.9859374761581421,0
15,0.09475952386856079,0.9612604583313399,0.9828125238418579,0
16,0.08766196668148041,0.9607798281021742,0.9656250476837158,0
17,0.06053605675697327,0.9602994381881231,0.9656250476837158,0
18,0.020614799112081528,0.9598192884690291,0.9828125238418579,1
19,0.0009594876319169998,0.9593393788247946,1.0,0
20,0.020840631797909737,0.9588597091353822,0.9828125238418579,0
21,0.041797444224357605,0.9583802792808146,0.96875,0
22,0.04040171951055527,0.9579010891411742,0.9859374761581421,0
23,0.044743943959474564,0.9574221385966036,0.9859374761581421,0
24,0.04914981871843338,0.9569434275273054,0.9859374761581421,0
25,0.05498500168323517,0.9564649558135419,0.9656250476837158,0
26,0.053482722491025925,0.9559867233356352,0.96875,0
27,0.03385702893137932,0.9555087299739674,0.9828125238418579,0
28,0.013994535431265831,0.9550309756089804,1.0,0
29,0.022256340831518173,0.954553460121176,0.9859374761581421,0
30,1.3248831033706665,0.9540761833911156,0.9859374761581421,0
31,1.113776445388794,0.95359914529942,1.0,0
32,0.815528392791748,0.9531223457267703,0.9203124642372131,1
33,0.5732748508453369,0.952645784553907,0.9406249523162842,0
34,0.328826904296875,0.9521694616616301,0.971875011920929,0
35,0.13337481021881104,0.9516933769307994,0.9515624642372131,0
36,0.011930150911211967,0.951217530242334,1.0,0
37,0.08481961488723755,0.9507419214772129,0.9515625238418579,0
38,0.178084135055542,0.9502665505164744,0.9828125238418579,0
39,0.3320316970348358,0.9497914172412162,0.96875,0
40,0.3658386468887329,0.9493165215325956,0.9859374761581421,0
41,0.39317286014556885,0.9488418632718294,0.965624988079071,0
42,0.22885435819625854,0.9483674423401935,1.0,0
43,0.1527695506811142,0.9478932586190235,0.96875,0
44,0.07862576842308044,0.9474193119897141,0.965624988079071,0
45,0.049742743372917175,0.9469456023337193,0.9515625238418579,0
46,0.04278471693396568,0.9464721295325524,0.9515625238418579,0
47,0.05105319246649742,0.9459988934677862,0.9859374761581421,0
48,0.09272357821464539,0.9455258940210524,0.971875011920929,0
49,0.1217101514339447,0.9450531310740419,1.0,0
50,0.1380021870136261,0.9445806045085049,1.0,0
51,0.1411294937133789,0.9441083142062507,0.971875011920929,0
52,0.12919913232326508,0.9436362600491477,0.9578125476837158,0
53,0.09354010969400406,0.9431644419191232,1.0,0
54,0.07024246454238892,0.9426928596981636,0.971875011920929,0
55,0.043004654347896576,0.9422215132683146,0.9828125238418579,0
56,0.02580411732196808,0.9417504025116805,0.971875011920929,0
57,0.010423724539577961,0.9412795273104247,0.9859374761581421,0
58,0.0037410645745694637,0.9408088875467696,1.0,0
59,0.06485521048307419,0.9403384831029963,0.9515625238418579,0
60,0.8809974193572998,0.9398683138614449,0.9203125238418579,0
61,0.7381687164306641,0.9393983797045142,1.0,0
62,0.4456610083580017,0.938928680514662,0.9859374761581421,0
63,0.19132453203201294,0.9384592161744048,1.0,0
64,0.03048619069159031,0.9379899865663176,0.9859374761581421,0
65,0.02750733681023121,0.9375209915730345,0.9859374761581421,0
66,0.13760437071323395,0.937052231077248,1.0,0
67,0.3956816792488098,0.9365837049617094,0.9515625238418579,0
68,0.4132828414440155,0.9361154131092286,0.9718749523162842,0
69,0.3788791298866272,0.9356473554026741,0.96875,0
70,0.1979261189699173,0.9351795317249728,0.9859374761581421,0
71,0.06911695748567581,0.9347119419591103,1.0,0
72,0.016562974080443382,0.9342445859881309,0.9859374761581421,0
73,0.009751008823513985,0.9337774636951368,1.0,0
74,0.06547004729509354,0.9333105749632893,0.9828125238418579,0
75,0.10974244028329849,0.9328439196758077,1.0,0
76,0.14597290754318237,0.9323774977159699,0.9859374761581421,0
77,0.15509402751922607,0.9319113089671119,0.9859374761581421,0
78,0.1355392038822174,0.9314453533126285,0.9859374761581421,0
79,0.10564865171909332,0.9309796306359722,0.9546874761581421,0
80,0.06002440303564072,0.9305141408206543,0.9828125238418579,0
81,0.03544214740395546,0.9300488837502441,0.96875,0
82,0.01665622927248478,0.9295838593083691,0.9718749523162842,0
83,0.006334384437650442,0.929119067378715,1.0,0
84,0.04596875607967377,0.9286545078450257,0.9828125238418579,0
85,0.135136678814888,0.9281901805911033,0.9312499761581421,0
86,0.07979095727205276,0.9277260855008077,0.96875,0
87,0.03803188353776932,0.9272622224580573,1.0,0
88,0.022014359012246132,0.9267985913468284,1.0,0
89,0.008729460649192333,0.926335192051155,1.0,0
90,0.9413895010948181,0.9258720244551295,1.0,0
91,0.8176283240318298,0.925409088442902,0.9828125238418579,0
92,0.573147177696228,0.9249463838986807,1.0,0
93,0.28823524713516235,0.9244839107067314,1.0,0
94,0.05888812616467476,0.9240216687513781,1.0,0
95,0.01245914213359356,0.9235596579170025,0.9859374761581421,0
96,0.12076621502637863,0.923097878088044,1.0,0
97,0.3723258376121521,0.9226363291490001,0.9515625238418579,0
98,0.37823358178138733,0.9221750109844257,1.0,0
99,0.39754053950309753,0.9217139234789336,0.9515625238418579,0
100,0.1840936839580536,0.9212530665171942,1.0,0
101,0.05663454160094261,0.9207924399839357,1.0,0
102,0.01844499632716179,0.9203320437639437,0.9718749523162842,0
103,0.022236065939068794,0.9198718777420618,1.0,0
104,0.0936763659119606,0.9194119418031909,0.96875,0
105,0.1504799723625183,0.9189522358322894,0.96875,0
106,0.17293962836265564,0.9184927597143733,1.0,0
107,0.16483958065509796,0.9180335133345161,0.9828125238418579,0
108,0.11194704473018646,0.917574496577849,1.0,1
109,0.06487825512886047,0.9171157093295601,0.9828125238418579,0
110,0.01320439763367176,0.9166571514748953,1.0,0
111,0.00032541409018449485,0.916198822899158,1.0,0
112,0.01598607376217842,0.9157407234877085,1.0,0
113,0.04831122234463692,0.9152828531259647,1.0,0
114,0.08125169575214386,0.9148252116994018,0.9859374761581421,0
115,0.07950568944215775,0.9143677990935521,0.9859374761581421,0
116,0.04835876077413559,0.9139106151940054,1.0,0
117,0.022284653037786484,0.9134536598864085,1.0,0
118,0.005237703677266836,0.9129969330564653,1.0,0
119,0.0016299714334309101,0.9125404345899372,1.0,0
120,0.9176713824272156,0.9120841643726423,1.0,0
121,0.7906774878501892,0.911628122290456,1.0,0
122,0.5045086741447449,0.9111723082293108,0.9859374761581421,0
123,0.19503659009933472,0.9107167220751963,1.0,0
124,0.03449122980237007,0.9102613637141588,0.96875,0
125,0.06357502192258835,0.9098062330323018,0.9828125238418579,0
126,0.20456862449645996,0.9093513299157857,1.0,0
127,0.397432804107666,0.9088966542508279,0.9828125238418579,0
128,0.40107229351997375,0.9084422059237025,0.9828125238418579,0
129,0.25959956645965576,0.9079879848207407,1.0,0
130,0.10055138170719147,0.9075339908283304,1.0,0
131,0.009880700148642063,0.9070802238329163,1.0,0
132,0.023479202762246132,0.9066266837209999,0.971875011920929,0
133,0.08022288978099823,0.9061733703791394,0.9859374761581421,0
134,0.1493830382823944,0.9057202836939499,1.0,1
135,0.18378093838691711,0.9052674235521029,1.0,0
136,0.15955831110477448,0.9048147898403269,1.0,0
137,0.1015482246875763,0.9043623824454068,1.0,0
138,0.04974447190761566,0.9039102012541841,0.9828125238418579,0
139,0.018168233335018158,0.9034582461535571,0.9828125238418579,0
140,0.006230685394257307,0.9030065170304803,1.0,0
141,0.046945665031671524,0.9025550137719651,0.9859374761581421,0
142,0.07803943008184433,0.9021037362650792,0.9859374761581421,0
143,0.07197695970535278,0.9016526843969468,1.0,0
144,0.05548505485057831,0.9012018580547484,1.0,0
145,0.027546215802431107,0.900751257125721,1.0,0
146,0.02553553320467472,0.9003008814971583,0.9718749523162842,0
147,0.0006200866773724556,0.8998507310564098,1.0,0
148,0.01248331367969513,0.8994008056908817,1.0,0
149,0.026317212730646133,0.8989511052880362,1.0,0
150,0.9029929041862488,0.8985016297353923,1.0,0
151,0.6820318102836609,0.8980523789205246,1.0,0
152,0.3628773093223572,0.8976033527310644,0.9828125238418579,1
153,0.07597965747117996,0.8971545510546989,1.0,0
154,0.008100742474198341,0.8967059737791716,1.0,0
155,0.1558319628238678,0.8962576207922821,1.0,0
156,0.35943764448165894,0.895809491981886,0.9859374761581421,0
157,0.42346683144569397,0.8953615872358951,1.0,0
158,0.3007681369781494,0.8949139064422772,1.0,0
159,0.1499849557876587,0.8944664494890561,0.9859374761581421,0
160,0.017001964151859283,0.8940192162643116,1.0,0
161,0.010565366595983505,0.8935722066561794,1.0,0
162,0.08349751681089401,0.8931254205528514,1.0,0
163,0.17610564827919006,0.8926788578425751,0.9515625238418579,0
164,0.20626980066299438,0.8922325184136538,1.0,0
165,0.17636291682720184,0.891786402154447,1.0,0
166,0.10090173035860062,0.8913405089533699,0.9859374761581421,0
167,0.030559098348021507,0.8908948386988933,1.0,0
168,0.0004664954321924597,0.8904493912795439,1.0,0
169,0.04816000163555145,0.8900041665839042,0.96875,0
170,0.09338381886482239,0.8895591645006123,0.96875,0
171,0.08553029596805573,0.889114384918362,1.0,0
172,0.0747871920466423,0.8886698277259029,1.0,0
173,0.06845378875732422,0.88822549281204,0.9828125238418579,0
174,0.011110116727650166,0.887781380065634,1.0,1
175,0.02246893383562565,0.8873374893756012,0.96875,0
176,0.0157364122569561,0.8868938206309135,1.0,0
177,0.03387615084648132,0.8864503737205981,1.0,0
178,0.04844523221254349,0.8860071485337379,1.0,0
179,0.05164112523198128,0.885564144959471,0.9828125238418579,0
180,0.8878330588340759,0.8851213628869913,0.9828125238418579,0
181,0.5461767911911011,0.8846788022055478,0.96875,1
182,0.20170247554779053,0.8842364628044451,1.0,0
183,0.005499556660652161,0.883794344573043,1.0,0
184,0.11087214946746826,0.8833524474007565,0.9828125238418579,0
185,0.3171204626560211,0.8829107711770562,1.0,0
186,0.45584890246391296,0.8824693157914677,1.0,0
187,0.3738017678260803,0.882028081133572,1.0,0
188,0.18555915355682373,0.8815870670930053,1.0,0
189,0.05618054047226906,0.8811462735594588,0.9859374761581421,0
190,0.009846894070506096,0.8807057004226791,1.0,0
191,0.10361438989639282,0.8802653475724679,0.9828125238418579,0
192,0.1893085241317749,0.8798252148986817,0.9859374761581421,0
193,0.23336529731750488,0.8793853022912325,1.0,0
194,0.1816571056842804,0.8789456096400869,1.0,0
195,0.10270214080810547,0.8785061368352669,0.9828125238418579,0
196,0.020538900047540665,0.8780668837668493,1.0,0
197,0.03861916810274124,0.8776278503249659,0.9656250476837158,0
198,0.057350631803274155,0.8771890363998035,0.9828125238418579,0
199,0.0785408616065979,0.8767504418816037,1.0,0
200,0.09548802673816681,0.876312066660663,1.0,0
201,0.0706152468919754,0.8758739106273327,1.0,0
202,0.03199026733636856,0.8754359736720191,1.0,0
203,0.005602237768471241,0.8749982556851831,1.0,0
204,0.022807836532592773,0.8745607565573406,0.96875,0
205,0.021827617660164833,0.8741234761790619,1.0,0
206,0.05455786734819412,0.8736864144409725,0.9828125238418579,0
207,0.06054466962814331,0.873249571233752,0.9828125238418579,0
208,0.04048267751932144,0.8728129464481352,0.9859374761581421,0
209,0.03428470343351364,0.8723765399749112,0.9828125238418579,0
210,0.8453549146652222,0.8719403517049238,0.96875,0
211,0.4705241024494171,0.8715043815290714,1.0,0
212,0.10024860501289368,0.8710686293383069,1.0,0
213,0.011325438506901264,0.8706330950236377,1.0,0
214,0.21159248054027557,0.870197778476126,1.0,0
215,0.47059792280197144,0.869762679586888,1.0,0
216,0.4988023638725281,0.8693277982470946,1.0,0
217,0.28703466057777405,0.8688931343479711,1.0,0
218,0.07685965299606323,0.8684586877807972,0.9859374761581421,0
219,0.005682135466486216,0.8680244584369068,0.9859374761581421,0
220,0.08023445308208466,0.8675904462076884,1.0,1
221,0.2058202475309372,0.8671566509845846,1.0,0
222,0.25478702783584595,0.8667230726590923,1.0,0
223,0.21020083129405975,0.8662897111227629,1.0,0
224,0.10535705089569092,0.8658565662672015,1.0,0
225,0.025748712942004204,0.865423637984068,0.9859374761581421,0
226,0.024926405400037766,0.864990926165076,0.9828125238418579,0
227,0.08716940134763718,0.8645584307019936,0.9828125238418579,0
228,0.1099378690123558,0.8641261514866426,1.0,0
229,0.13975931704044342,0.8636940884108993,0.9828125238418579,0
230,0.08789113909006119,0.8632622413666939,0.9859374761581421,0
231,0.04509935528039932,0.8628306102460106,0.9828125238418579,0
232,0.004374699667096138,0.8623991949408877,1.0,0
233,0.033342145383358,0.8619679953434173,0.9828125238418579,0
234,0.05111242085695267,0.8615370113457457,1.0,0
235,0.06909024715423584,0.8611062428400729,1.0,0
236,0.05621969699859619,0.8606756897186528,1.0,0
237,0.0276090856641531,0.8602453518737936,1.0,0
238,0.01779003068804741,0.8598152291978567,0.9828125238418579,0
239,0.008314860053360462,0.8593853215832578,0.9859374761581421,0
240,0.8410159349441528,0.8589556289224661,0.9828125238418579,0
241,0.41409099102020264,0.8585261511080049,0.9859374761581421,0
242,0.07040530443191528,0.858096888032451,1.0,1
243,0.040238622575998306,0.8576678395884348,1.0,0
244,0.354594886302948,0.8572390056686406,0.9546874761581421,0
245,0.5560441017150879,0.8568103861658064,0.96875,0
246,0.4381552040576935,0.8563819809727236,1.0,0
247,0.17824651300907135,0.8559537899822373,1.0,0
248,0.018090948462486267,0.8555258130872462,0.9859374761581421,0
249,0.03777661174535751,0.8550980501807026,1.0,0
250,0.1804332137107849,0.8546705011556123,0.9656250476837158,0
251,0.2769565284252167,0.8542431659050345,1.0,0
252,0.24982695281505585,0.853816044322082,0.9859374761581421,0
253,0.140691876411438,0.8533891362999211,0.9828125238418579,0
254,0.02839314378798008,0.8529624417317712,1.0,0
255,0.0031908988021314144,0.8525359605109053,1.0,0
256,0.05810042470693588,0.8521096925306499,1.0,0
257,0.13106392323970795,0.8516836376843847,1.0,0
258,0.1390562355518341,0.8512577958655425,1.0,0
259,0.07933301478624344,0.8508321669676098,1.0,0
260,0.01738361082971096,0.850406750884126,1.0,0
261,0.0027140756137669086,0.8499815475086839,1.0,0
262,0.030618224292993546,0.8495565567349297,1.0,0
263,0.07643599808216095,0.8491317784565623,0.9828125238418579,0
264,0.07641204446554184,0.8487072125673341,1.0,0
265,0.0634613186120987,0.8482828589610505,0.9828125238418579,0
266,0.019630543887615204,0.84785871753157,1.0,0
267,0.000421338714659214,0.8474347881728043,1.0,0
268,0.009054782800376415,0.847011070778718,1.0,0
269,0.03165050595998764,0.8465875652433287,1.0,0
270,0.8312510251998901,0.846164271460707,1.0,0
271,0.43553078174591064,0.8457411893249768,1.0,0
272,0.06576808542013168,0.8453183187303144,1.0,0
273,0.036660511046648026,0.8448956595709493,1.0,0
274,0.31024837493896484,0.8444732117411639,1.0,0
275,0.5053505301475525,0.8440509751352934,1.0,0
276,0.38983237743377686,0.8436289496477257,1.0,0
277,0.1357140690088272,0.8432071351729019,1.0,0
278,0.0010634592035785317,0.8427855316053156,1.0,0
279,0.07331933826208115,0.8423641388395129,1.0,0
280,0.2083074450492859,0.8419429567700932,1.0,0
281,0.2743805944919586,0.8415219852917082,1.0,0
282,0.19581951200962067,0.8411012242990624,1.0,0
283,0.06818267703056335,0.8406806736869129,1.0,0
284,0.0019064209191128612,0.8402603333500694,1.0,0
285,0.037812817841768265,0.8398402031833945,1.0,0
286,0.123604416847229,0.8394202830818028,1.0,0
287,0.14429336786270142,0.839000572940262,1.0,0
288,0.09660466015338898,0.8385810726537919,1.0,0
289,0.025320447981357574,0.8381617821174651,1.0,0
290,0.0018593992572277784,0.8377427012264064,1.0,0
291,0.032896317541599274,0.8373238298757932,1.0,0
292,0.07408958673477173,0.8369051679608553,1.0,0
293,0.08340872824192047,0.8364867153768749,0.971875011920929,0
294,0.05876905843615532,0.8360684720191865,0.9828125238418579,0
295,0.013099117204546928,0.835650437783177,1.0,0
296,0.00047558886581100523,0.8352326125642855,1.0,0
297,0.04519783705472946,0.8348149962580034,0.96875,0
298,0.042476214468479156,0.8343975887598745,0.9859374761581421,0
299,0.044525399804115295,0.8339803899654946,0.9859374761581421,0
300,0.8225957155227661,0.833563399770512,1.0,0
301,0.4904501438140869,0.8331466180706267,0.9859374761581421,1
302,0.10426187515258789,0.8327300447615915,0.9859374761581421,0
303,0.018637850880622864,0.8323136797392108,1.0,0
304,0.25858989357948303,0.8318975228993413,1.0,0
305,0.45931074023246765,0.8314815741378917,1.0,0
306,0.397072434425354,0.8310658333508228,0.9828125238418579,0
307,0.11721313744783401,0.8306503004341474,1.0,0
308,0.007205192465335131,0.8302349752839304,0.9859374761581421,0
309,0.0882832407951355,0.8298198577962885,1.0,0
310,0.2332468181848526,0.8294049478673904,1.0,0
311,0.25984686613082886,0.8289902453934568,1.0,0
312,0.15833911299705505,0.8285757502707601,0.9828125238418579,0
313,0.030797358602285385,0.8281614623956248,1.0,0
314,0.008388667367398739,0.8277473816644271,1.0,0
315,0.07542694360017776,0.827333507973595,1.0,0
316,0.1371155083179474,0.8269198412196082,1.0,0
317,0.11879127472639084,0.8265063812989984,1.0,0
318,0.053878121078014374,0.826093128108349,0.9859374761581421,0
319,0.001391822937875986,0.8256800815442948,1.0,0
320,0.04471155256032944,0.8252672415035227,0.9656250476837158,0
321,0.07166550308465958,0.824854607882771,1.0,0
322,0.09155628085136414,0.8244421805788297,0.9859374761581421,0
323,0.06247010827064514,0.8240299594885403,1.0,0
324,0.016600031405687332,0.8236179445087961,1.0,0
325,0.018129192292690277,0.8232061355365418,0.9828125238418579,0
326,0.019438941031694412,0.8227945324687735,1.0,0
327,0.04377272352576256,0.8223831352025393,1.0,0
328,0.04434126615524292,0.821971943634938,1.0,0
329,0.021450001746416092,0.8215609576631205,1.0,0
330,0.7946811318397522,0.8211501771842891,1.0,0
331,0.512466311454773,0.820739602095697,1.0,0
332,0.11772087216377258,0.8203292322946492,1.0,0
333,0.015268051996827126,0.8199190676785019,1.0,0
334,0.24968083202838898,0.8195091081446627,1.0,0
335,0.4556502103805542,0.8190993535905904,1.0,0
336,0.3488790690898895,0.8186898039137951,1.0,0
337,0.0984075665473938,0.8182804590118382,1.0,0
338,0.0011088172905147076,0.8178713187823323,1.0,0
339,0.11725390702486038,0.8174623831229412,0.9828125238418579,0
340,0.2389295995235443,0.8170536519313798,0.9718749523162842,0
341,0.2541344165802002,0.8166451251054142,1.0,0
342,0.1274602711200714,0.8162368025428616,1.0,0
343,0.014949066564440727,0.8158286841415902,1.0,0
344,0.04260437190532684,0.8154207697995194,0.9828125238418579,0
345,0.10341276228427887,0.8150130594146197,1.0,0
346,0.14510086178779602,0.8146055528849124,1.0,0
347,0.12209779024124146,0.81419825010847,0.9828125238418579,0
348,0.01794695295393467,0.8137911509834158,1.0,0
0,0.4239833950996399,0.9684988314739038,0.4140625,1
1,0.3856237530708313,0.9680145820581669,0.47187501192092896,1
2,0.3407302796840668,0.9675305747671379,0.5,1
3,0.25975507497787476,0.9670468094797544,0.4609375,1
4,0.16346946358680725,0.9665632860750146,0.32499998807907104,0
5,0.1849496066570282,0.9660800044319772,0.47187498211860657,1
6,0.177994042634964,0.9655969644297613,0.39687496423721313,0
7,0.1735301911830902,0.9651141659475465,0.390625,1
8,0.13876470923423767,0.9646316088645728,0.40312498807907104,1
9,0.10530444234609604,0.9641492930601405,0.48750001192092896,1
10,0.1648607850074768,0.9636672184136105,0.38749998807907104,0
11,0.08800651878118515,0.9631853848044037,0.453125,1
12,0.11414454877376556,0.9627037921120016,0.40625,1
13,0.10641712695360184,0.9622224402159457,0.39531248807907104,1
14,0.09889572858810425,0.9617413289958378,0.4156249761581421,0
15,0.08822247385978699,0.9612604583313399,0.4468749761581421,0
16,0.07417184859514236,0.9607798281021742,0.43281251192092896,1
17,0.0493706576526165,0.9602994381881231,0.24374999105930328,1
18,0.04731202870607376,0.9598192884690291,0.34687498211860657,0
19,0.060565389692783356,0.9593393788247946,0.48749998211860657,0
20,0.04582555219531059,0.9588597091353822,0.43281248211860657,1
21,0.03203417360782623,0.9583802792808146,0.30781248211860657,1
22,0.026914089918136597,0.9579010891411742,0.30937498807907104,1
23,0.022734899073839188,0.9574221385966036,0.34062498807907104,1
24,0.019485920667648315,0.9569434275273054,0.390625,0
25,0.019733501598238945,0.9564649558135419,0.40625,1
26,0.019895192235708237,0.9559867233356352,0.4406249523162842,1
27,0.022362593561410904,0.9555087299739674,0.453125,1
28,0.035732999444007874,0.9550309756089804,0.40312498807907104,1
29,0.031788092106580734,0.954553460121176,0.4546874761581421,1
30,0.3593616485595703,0.9540761833911156,0.3609375059604645,1
31,0.33619749546051025,0.95359914529942,0.38906246423721313,1
32,0.22265170514583588,0.9531223457267703,0.3265624940395355,1
33,0.16826842725276947,0.952645784553907,0.40312498807907104,0
34,0.08878906816244125,0.9521694616616301,0.3843750059604645,1
35,0.05184013769030571,0.9516933769307994,0.40937498211860657,1
36,0.06741025298833847,0.951217530242334,0.4140625,1
37,0.12021271884441376,0.9507419214772129,0.3968749940395355,0
38,0.10714495182037354,0.9502665505164744,0.375,1
39,0.10354908555746078,0.9497914172412162,0.359375,1
40,0.04473939165472984,0.9493165215325956,0.3203125,1
41,0.01517716608941555,0.9488418632718294,0.3609375059604645,1
42,0.01709633506834507,0.9483674423401935,0.32343748211860657,1
43,0.01785101369023323,0.9478932586190235,0.40781253576278687,1
44,0.03435305133461952,0.9474193119897141,0.32499998807907104,1
45,0.03651686757802963,0.9469456023337193,0.3125,1
46,0.04992957413196564,0.9464721295325524,0.45156246423721313,1
47,0.04409833252429962,0.9459988934677862,0.3843750059604645,1
48,0.04703596979379654,0.9455258940210524,0.3453124761581421,1
49,0.034389495849609375,0.9450531310740419,0.36249998211860657,1
50,0.022848397493362427,0.9445806045085049,0.23281247913837433,0
51,0.015885623171925545,0.9441083142062507,0.34687501192092896,0
52,0.0162508487701416,0.9436362600491477,0.34062501788139343,0
53,0.017393723130226135,0.9431644419191232,0.22499999403953552,1
54,0.02212243340909481,0.9426928596981636,0.3531250059604645,1
55,0.021562084555625916,0.9422215132683146,0.3031249940395355,1
56,0.016620805487036705,0.9417504025116805,0.2734375,1
57,0.020005468279123306,0.9412795273104247,0.3812499940395355,0
58,0.017502665519714355,0.9408088875467696,0.2640624940395355,1
59,0.007657872512936592,0.9403384831029963,0.29218748211860657,0
60,0.2920396327972412,0.9398683138614449,0.30156248807907104,0
61,0.2635526657104492,0.9393983797045142,0.2718749940395355,1
62,0.18287663161754608,0.938928680514662,0.2437499761581421,1
63,0.13173823058605194,0.9384592161744048,0.28437501192092896,1
64,0.06146726384758949,0.9379899865663176,0.265625,0
65,0.029851673170924187,0.9375209915730345,0.19375000894069672,1
66,0.04365868121385574,0.937052231077248,0.3359375,1
67,0.056016918271780014,0.9365837049617094,0.3375000059604645,0
68,0.08143527805805206,0.9361154131092286,0.3499999940395355,1
69,0.08174873888492584,0.9356473554026741,0.24531249701976776,0
70,0.06867067515850067,0.9351795317249728,0.2671874761581421,0
71,0.030802037566900253,0.9347119419591103,0.2031249850988388,1
72,0.01838289201259613,0.9342445859881309,0.21718749403953552,1
73,0.014143334701657295,0.9337774636951368,0.30312496423721313,0
74,0.017689919099211693,0.9333105749632893,0.1875,1
75,0.018879100680351257,0.9328439196758077,0.3046875,0
76,0.027694672346115112,0.9323774977159699,0.22500000894069672,1
77,0.04203648865222931,0.9319113089671119,0.2499999850988388,0
78,0.04480893164873123,0.9314453533126285,0.2328125238418579,1
79,0.03816898167133331,0.9309796306359722,0.22031249105930328,0
80,0.030389413237571716,0.9305141408206543,0.22343750298023224,1
81,0.016475556418299675,0.9300488837502441,0.22187498211860657,0
82,0.02968786098062992,0.9295838593083691,0.3218749761581421,1
83,0.010517754592001438,0.929119067378715,0.22968748211860657,1
84,0.009615348652005196,0.9286545078450257,0.21562500298023224,1
85,0.019267212599515915,0.9281901805911033,0.24531248211860657,1
86,0.017543243244290352,0.9277260855008077,0.375,1
87,0.03015900030732155,0.9272622224580573,0.2984374761581421,1
88,0.01544847059994936,0.9267985913468284,0.19374997913837433,0
89,0.016365010291337967,0.926335192051155,0.17031249403953552,1
90,0.28446701169013977,0.9258720244551295,0.28593751788139343,1
91,0.2711653411388397,0.925409088442902,0.30781248211860657,1
92,0.13300734758377075,0.9249463838986807,0.25312498211860657,1
93,0.04933520406484604,0.9244839107067314,0.21875,0
94,0.021109487861394882,0.9240216687513781,0.21249999105930328,1
95,0.025100214406847954,0.9235596579170025,0.15781249105930328,1
96,0.07432977110147476,0.923097878088044,0.26093751192092896,1
97,0.14394740760326385,0.9226363291490001,0.2796874940395355,0
98,0.05435342341661453,0.9221750109844257,0.18437500298023224,1
99,0.040490999817848206,0.9217139234789336,0.17656248807907104,1
100,0.03354516252875328,0.9212530665171942,0.19062499701976776,0
101,0.02804916724562645,0.9207924399839357,0.2718749940395355,1
102,0.009936189278960228,0.9203320437639437,0.2499999850988388,0
103,0.021933142095804214,0.9198718777420618,0.2109374850988388,1
104,0.052523598074913025,0.9194119418031909,0.2875000238418579,1
105,0.044596973806619644,0.9189522358322894,0.26249998807907104,1
106,0.02822752855718136,0.9184927597143733,0.23125000298023224,1
107,0.035534270107746124,0.9180335133345161,0.2421875,1
108,0.023955918848514557,0.917574496577849,0.28437501192092896,1
109,0.008940447121858597,0.9171157093295601,0.20156250894069672,1
110,0.002890090923756361,0.9166571514748953,0.19218750298023224,1
111,0.002750623971223831,0.916198822899158,0.18125000596046448,0
112,0.0319318026304245,0.9157407234877085,0.21718749403953552,1
113,0.02833874523639679,0.9152828531259647,0.1875,1
114,0.011323308572173119,0.9148252116994018,0.22968749701976776,1
115,0.006179848685860634,0.9143677990935521,0.18593749403953552,1
116,0.015979301184415817,0.9139106151940054,0.24531251192092896,0
117,0.011422444134950638,0.9134536598864085,0.2421875,1
118,0.007291179150342941,0.9129969330564653,0.15937501192092896,0
119,0.007435124833136797,0.9125404345899372,0.18281249701976776,1
120,0.22990041971206665,0.9120841643726423,0.22968749701976776,1
121,0.11025054007768631,0.911628122290456,0.13593751192092896,1
122,0.11321565508842468,0.9111723082293108,0.23749998211860657,0
123,0.047935061156749725,0.9107167220751963,0.203125,1
124,0.01642254926264286,0.9102613637141588,0.17812499403953552,0
125,0.018284743651747704,0.9098062330323018,0.2640624940395355,1
126,0.05655587092041969,0.9093513299157857,0.17031249403953552,1
127,0.07931675761938095,0.9088966542508279,0.19062499701976776,1
128,0.1134105771780014,0.9084422059237025,0.2890624701976776,0
129,0.02347184345126152,0.9079879848207407,0.1484375,0
130,0.025201832875609398,0.9075339908283304,0.14374999701976776,1
131,0.01481411512941122,0.9070802238329163,0.18906250596046448,1
132,0.007209165953099728,0.9066266837209999,0.17656250298023224,1
133,0.02207299694418907,0.9061733703791394,0.21718749403953552,1
134,0.03246985375881195,0.9057202836939499,0.20624999701976776,0
135,0.047786395996809006,0.9052674235521029,0.25,1
136,0.038523368537425995,0.9048147898403269,0.23281249403953552,0
137,0.02418406866490841,0.9043623824454068,0.27812501788139343,1
138,0.015860434621572495,0.9039102012541841,0.17812499403953552,1
139,0.007078448310494423,0.9034582461535571,0.21875,1
140,0.012611147947609425,0.9030065170304803,0.2109375,0
141,0.01838052272796631,0.9025550137719651,0.2109375,1
142,0.027821864932775497,0.9021037362650792,0.2640625238418579,1
143,0.01929675228893757,0.9016526843969468,0.15625,1
144,0.010834580287337303,0.9012018580547484,0.16874998807907104,1
145,0.011407245881855488,0.900751257125721,0.1796875,1
146,0.012001093477010727,0.9003008814971583,0.14218750596046448,1
147,0.005698328837752342,0.8998507310564098,0.23281249403953552,0
148,0.013567116111516953,0.8994008056908817,0.1875,1
149,0.008524538017809391,0.8989511052880362,0.20624999701976776,0
150,0.13698479533195496,0.8985016297353923,0.14218750596046448,1
151,0.1473073661327362,0.8980523789205246,0.19374999403953552,1
152,0.09404338896274567,0.8976033527310644,0.19687500596046448,1
153,0.02441619709134102,0.8971545510546989,0.13437500596046448,1
154,0.014874998480081558,0.8967059737791716,0.17343750596046448,0
155,0.02867693454027176,0.8962576207922821,0.140625,1
156,0.07528606057167053,0.895809491981886,0.1484375,1
157,0.1011805534362793,0.8953615872358951,0.2828124761581421,1
158,0.045345183461904526,0.8949139064422772,0.11093749850988388,1
159,0.018803086131811142,0.8944664494890561,0.16093750298023224,0
160,0.0046392772346735,0.8940192162643116,0.20781248807907104,1
161,0.004323992878198624,0.8935722066561794,0.25,0
162,0.008133775554597378,0.8931254205528514,0.20624999701976776,0
163,0.018299201503396034,0.8926788578425751,0.1796875,0
164,0.022813118994235992,0.8922325184136538,0.15625,1
165,0.02211957424879074,0.891786402154447,0.14375001192092896,0
166,0.019540537148714066,0.8913405089533699,0.16562499105930328,1
167,0.009634950198233128,0.8908948386988933,0.20000000298023224,0
168,0.007985864765942097,0.8904493912795439,0.20468750596046448,1
169,0.0033467861358076334,0.8900041665839042,0.22343748807907104,0
170,0.00483860494568944,0.8895591645006123,0.20156249403953552,1
171,0.0064956676214933395,0.889114384918362,0.18281249701976776,1
172,0.012531844899058342,0.8886698277259029,0.16249999403953552,0
173,0.011782433837652206,0.88822549281204,0.109375,1
174,0.011859596706926823,0.887781380065634,0.20156249403953552,1
175,0.00830787606537342,0.8873374893756012,0.203125,1
176,0.0037371471989899874,0.8868938206309135,0.14218750596046448,0
177,0.001715969410724938,0.8864503737205981,0.12968748807907104,0
178,0.008369684219360352,0.8860071485337379,0.10312499850988388,1
179,0.006245041266083717,0.885564144959471,0.10468749701976776,1
180,0.19492274522781372,0.8851213628869913,0.20468750596046448,1
181,0.08846154808998108,0.8846788022055478,0.15000000596046448,0
182,0.03383428230881691,0.8842364628044451,0.11093750596046448,1
183,0.026217710226774216,0.883794344573043,0.25468751788139343,1
184,0.018011214211583138,0.8833524474007565,0.22343748807907104,1
185,0.024367764592170715,0.8829107711770562,0.1796875,1
186,0.03611993417143822,0.8824693157914677,0.17656250298023224,1
187,0.13402757048606873,0.882028081133572,0.22968751192092896,1
188,0.02241380512714386,0.8815870670930053,0.13750000298023224,0
189,0.016905007883906364,0.8811462735594588,0.16250000894069672,0
190,0.010014821775257587,0.8807057004226791,0.12656250596046448,1
191,0.009538207203149796,0.8802653475724679,0.22500000894069672,1
192,0.011089017614722252,0.8798252148986817,0.16249999403953552,0
193,0.049421969801187515,0.8793853022912325,0.27031245827674866,0
194,0.017377248033881187,0.8789456096400869,0.10000000894069672,1
195,0.03027721308171749,0.8785061368352669,0.1484375,1
196,0.008666165173053741,0.8780668837668493,0.20156249403953552,1
197,0.00507196132093668,0.8776278503249659,0.21718750894069672,1
198,0.009804068133234978,0.8771890363998035,0.19062499701976776,0
199,0.008423462510108948,0.8767504418816037,0.17343750596046448,1
200,0.024204052984714508,0.876312066660663,0.17031249403953552,0
201,0.019565720111131668,0.8758739106273327,0.1796875,0
202,0.017921313643455505,0.8754359736720191,0.15625,0
203,0.01748102344572544,0.8749982556851831,0.171875,1
204,0.0026986461598426104,0.8745607565573406,0.1796875,0
205,0.010789420455694199,0.8741234761790619,0.19062498211860657,1
206,0.006378829013556242,0.8736864144409725,0.12187500298023224,0
207,0.02381833642721176,0.873249571233752,0.21406251192092896,1
208,0.012436853721737862,0.8728129464481352,0.16249999403953552,1
209,0.00739104812964797,0.8723765399749112,0.125,0
210,0.18765097856521606,0.8719403517049238,0.20156249403953552,1
211,0.1047920510172844,0.8715043815290714,0.20468749105930328,1
212,0.023716390132904053,0.8710686293383069,0.20625001192092896,1
213,0.008290410041809082,0.8706330950236377,0.15937499701976776,1
214,0.08582790940999985,0.870197778476126,0.2343749850988388,0
215,0.12575887143611908,0.869762679586888,0.20000000298023224,1
216,0.0791890025138855,0.8693277982470946,0.14687499403953552,1
217,0.04905134066939354,0.8688931343479711,0.14999999105930328,1
218,0.006168084684759378,0.8684586877807972,0.15312500298023224,1
219,0.010139787569642067,0.8680244584369068,0.16562500596046448,0
220,0.02531629428267479,0.8675904462076884,0.16875000298023224,1
221,0.04444366320967674,0.8671566509845846,0.18437498807907104,0
222,0.05824480950832367,0.8667230726590923,0.23281249403953552,1
223,0.03339685499668121,0.8662897111227629,0.1484375,1
224,0.020593293011188507,0.8658565662672015,0.20781250298023224,1
225,0.009089895524084568,0.865423637984068,0.14687499403953552,0
226,0.00524543272331357,0.864990926165076,0.1796875,0
227,0.015419143252074718,0.8645584307019936,0.2562499940395355,1
228,0.0230425875633955,0.8641261514866426,0.25312501192092896,0
229,0.023700851947069168,0.8636940884108993,0.20156249403953552,1
230,0.004784058779478073,0.8632622413666939,0.09062500298023224,1
231,0.006209131795912981,0.8628306102460106,0.10468749701976776,0
232,0.0038536982610821724,0.8623991949408877,0.10312500596046448,1
233,0.0030460639391094446,0.8619679953434173,0.09687499701976776,1
234,0.0031247250735759735,0.8615370113457457,0.23750001192092896,0
235,0.007577177137136459,0.8611062428400729,0.14999999105930328,1
236,0.010406959801912308,0.8606756897186528,0.20000000298023224,0
237,0.006965027190744877,0.8602453518737936,0.1171875,1
238,0.0040443697944283485,0.8598152291978567,0.1640625,1
239,0.004346323665231466,0.8593853215832578,0.11406250298023224,1
240,0.10312601923942566,0.8589556289224661,0.1328125,0
241,0.11556318402290344,0.8585261511080049,0.2031249850988388,1
242,0.026735058054327965,0.858096888032451,0.1171875,1
243,0.013828855939209461,0.8576678395884348,0.17343750596046448,1
244,0.012020964175462723,0.8572390056686406,0.1249999925494194,0
245,0.08687963336706161,0.8568103861658064,0.17812499403953552,0
246,0.05981563404202461,0.8563819809727236,0.0859375,1
247,0.04333057999610901,0.8559537899822373,0.15625,1
248,0.026279278099536896,0.8555258130872462,0.19687499105930328,1
249,0.0028823569882661104,0.8550980501807026,0.19218751788139343,0
250,0.006052135489881039,0.8546705011556123,0.14531248807907104,1
251,0.012421376071870327,0.8542431659050345,0.07187500596046448,0
252,0.04532993584871292,0.853816044322082,0.21406251192092896,1
253,0.020563390105962753,0.8533891362999211,0.07656249403953552,0
254,0.02423650398850441,0.8529624417317712,0.12656250596046448,1
255,0.023207470774650574,0.8525359605109053,0.18281251192092896,1
256,0.0056379507295787334,0.8521096925306499,0.11406250298023224,0
257,0.0036078484263271093,0.8516836376843847,0.16875000298023224,1
258,0.01301958691328764,0.8512577958655425,0.14687499403953552,1
259,0.016684439033269882,0.8508321669676098,0.16562500596046448,1
260,0.010668610222637653,0.850406750884126,0.13750000298023224,1
261,0.01664559915661812,0.8499815475086839,0.11875000596046448,1
262,0.0022059320472180843,0.8495565567349297,0.0625,0
263,0.007493522949516773,0.8491317784565623,0.19843751192092896,1
264,0.0017997329123318195,0.8487072125673341,0.16093750298023224,1
265,0.00511716865003109,0.8482828589610505,0.11093749105930328,1
266,0.012457998469471931,0.84785871753157,0.10624999552965164,1
267,0.007528470363467932,0.8474347881728043,0.08750000596046448,0
268,0.009038273245096207,0.847011070778718,0.06875000149011612,1
269,0.012486392632126808,0.8465875652433287,0.1640625,0
270,0.11309891194105148,0.846164271460707,0.140625,1
271,0.09545722603797913,0.8457411893249768,0.17343750596046448,0
272,0.02398589998483658,0.8453183187303144,0.12968748807907104,1
273,0.022923391312360764,0.8448956595709493,0.15156251192092896,0
274,0.021556349471211433,0.8444732117411639,0.1171874925494194,0
275,0.04581305757164955,0.8440509751352934,0.11562500149011612,1
276,0.06749327480792999,0.8436289496477257,0.13437500596046448,1
277,0.06471634656190872,0.8432071351729019,0.10000000149011612,1
278,0.05248916521668434,0.8427855316053156,0.10468750447034836,1
279,0.014924908056855202,0.8423641388395129,0.109375,1
280,0.021983928978443146,0.8419429567700932,0.13593749701976776,0
281,0.03305056691169739,0.8415219852917082,0.13437499105930328,1
282,0.047714561223983765,0.8411012242990624,0.15625,1
283,0.045030999928712845,0.8406806736869129,0.13124999403953552,1
284,0.05249538645148277,0.8402603333500694,0.1328125,0
285,0.011975209228694439,0.8398402031833945,0.13750000298023224,1
286,0.004979750141501427,0.8394202830818028,0.09375,1
287,0.013230008073151112,0.839000572940262,0.12187500298023224,0
288,0.015902113169431686,0.8385810726537919,0.01249999925494194,0
289,0.045064009726047516,0.8381617821174651,0.15000000596046448,0
290,0.02933647483587265,0.8377427012264064,0.12187498807907104,0
291,0.01864910125732422,0.8373238298757932,0.16562500596046448,1
292,0.005736907012760639,0.8369051679608553,0.09218750149011612,0
293,0.005507170222699642,0.8364867153768749,0.12968750298023224,0
294,0.0092389527708292,0.8360684720191865,0.16093750298023224,1
295,0.016791166737675667,0.835650437783177,0.140625,0
296,0.03713229298591614,0.8352326125642855,0.20000000298023224,0
297,0.009717859327793121,0.8348149962580034,0.07968749850988388,1
298,0.003379030851647258,0.8343975887598745,0.07500000298023224,1
299,0.015014993958175182,0.8339803899654946,0.07343749701976776,0
300,0.14991305768489838,0.833563399770512,0.1953125,1
301,0.04273726046085358,0.8331466180706267,0.11406250298023224,1
302,0.01095339935272932,0.8327300447615915,0.23124998807907104,0
303,0.007863172329962254,0.8323136797392108,0.04062499850988388,1
304,0.06183923780918121,0.8318975228993413,0.13437499105930328,1
305,0.12402086704969406,0.8314815741378917,0.15000000596046448,1
306,0.09658646583557129,0.8310658333508228,0.125,1
307,0.033492978662252426,0.8306503004341474,0.0859375,1
308,0.016424577683210373,0.8302349752839304,0.13906250894069672,1
309,0.009424380958080292,0.8298198577962885,0.2109375,0
310,0.02907530963420868,0.8294049478673904,0.09687500447034836,1
311,0.05226052552461624,0.8289902453934568,0.12031249701976776,1
312,0.0710732713341713,0.8285757502707601,0.17656248807907104,1
313,0.02664974145591259,0.8281614623956248,0.11249999701976776,1
314,0.012869223020970821,0.8277473816644271,0.11874999105930328,0
315,0.0033866879530251026,0.827333507973595,0.11406249552965164,1
316,0.013739890418946743,0.8269198412196082,0.11874999850988388,1
317,0.01863730326294899,0.8265063812989984,0.09062499552965164,1
318,0.03423045948147774,0.826093128108349,0.12656250596046448,1
319,0.020995333790779114,0.8256800815442948,0.13124999403953552,0
320,0.014257670380175114,0.8252672415035227,0.11562500149011612,1
321,0.0029318653978407383,0.824854607882771,0.10468751192092896,1
322,0.005644015967845917,0.8244421805788297,0.12187500298023224,0
323,0.01142103411257267,0.8240299594885403,0.12812501192092896,1
324,0.007474375423043966,0.8236179445087961,0.11562500894069672,1
325,0.00921566691249609,0.8232061355365418,0.09062499552965164,1
326,0.00794641487300396,0.8227945324687735,0.11406250298023224,1
327,0.005635058041661978,0.8223831352025393,0.13750000298023224,1
328,0.00567698385566473,0.821971943634938,0.140625,0
329,0.0036082083825021982,0.8215609576631205,0.09062500298023224,1
330,0.08186166733503342,0.8211501771842891,0.10312500596046448,1
331,0.06451920419931412,0.820739602095697,0.14375001192092896,1
332,0.014617430977523327,0.8203292322946492,0.13593749701976776,1
333,0.006837897468358278,0.8199190676785019,0.11093749850988388,1
334,0.026766033843159676,0.8195091081446627,0.15937499701976776,0
335,0.02852870337665081,0.8190993535905904,0.0781249925494194,1
336,0.08542940020561218,0.8186898039137951,0.1171875,0
337,0.01784551329910755,0.8182804590118382,0.0468749962747097,0
338,0.008036712184548378,0.8178713187823323,0.10000000149011612,1
339,0.009582571685314178,0.8174623831229412,0.05156250298023224,1
340,0.006860858760774136,0.8170536519313798,0.14531248807907104,1
341,0.017426732927560806,0.8166451251054142,0.16093750298023224,1
342,0.026676956564188004,0.8162368025428616,0.15625,1
343,0.02267533726990223,0.8158286841415902,0.17031250894069672,0
344,0.010387045331299305,0.8154207697995194,0.12656250596046448,1
345,0.0005304123624227941,0.8150130594146197,0.05156249925494194,1
346,0.003029061481356621,0.8146055528849124,0.15781250596046448,1
347,0.003579392097890377,0.81419825010847,0.09843749552965164,0
348,0.006974916439503431,0.8137911509834158,0.09218750149011612,0
349,0.00789362657815218,0.8133842554079241,0.12187500298023224,1
350,0.020281339064240456,0.8129775632802202,0.10312499850988388,1
351,0.0018686656840145588,0.8125710744985801,0.10000000149011612,1
352,0.0006586193339899182,0.8121647889613309,0.06562500447034836,1
353,0.0017387871630489826,0.8117587065668503,0.11093749850988388,1
354,0.005331419873982668,0.8113528272135669,0.140625,1
355,0.005691178143024445,0.8109471507999602,0.12812501192092896,1
356,0.00600151252001524,0.8105416772245603,0.12031251192092896,1
357,0.0029243994504213333,0.8101364063859481,0.10000000894069672,1
358,0.001088233315385878,0.8097313381827551,0.10781250149011612,1
359,0.0005736214807257056,0.8093264725136637,0.16718749701976776,1
360,0.09217903017997742,0.808921809277407,0.12968750298023224,1
361,0.03929769992828369,0.8085173483727683,0.09687499701976776,0
362,0.012578638270497322,0.808113089698582,0.12656250596046448,0
363,0.0053860340267419815,0.8077090331537328,0.17656248807907104,0
364,0.021239254623651505,0.8073051786371559,0.1015625,0
365,0.07467858493328094,0.8069015260478374,0.11250000447034836,1
366,0.08193156123161316,0.8064980752848135,0.15625,1
367,0.04566837474703789,0.8060948262471712,0.05937500298023224,1
368,0.0011564255692064762,0.8056917788340476,0.13906249403953552,1
369,0.018940212205052376,0.8052889329446307,0.18281248211860657,0
370,0.04888900741934776,0.8048862884781584,0.17031250894069672,1
371,0.03195120021700859,0.8044838453339194,0.09999999403953552,0
372,0.01978311315178871,0.8040816034112525,0.11874999105930328,0
373,0.006330807227641344,0.8036795626095469,0.07500000298023224,1
374,0.004892271943390369,0.8032777228282422,0.08281250298023224,0
375,0.005111311562359333,0.8028760839668281,0.04218750074505806,1
376,0.02258523367345333,0.8024746459248447,0.078125,1
377,0.021651556715369225,0.8020734086018824,0.1796875,1
378,0.01035301573574543,0.8016723718975814,0.11093750596046448,1
379,0.0024019863922148943,0.8012715357116327,0.11093750596046448,1
380,0.001521474332548678,0.8008708999437769,0.10000000894069672,0
381,0.007270401809364557,0.8004704644938051,0.08124999701976776,1
382,0.007029133383184671,0.8000702292615582,0.09531249850988388,1
383,0.015689292922616005,0.7996701941469275,0.19687500596046448,1
384,0.010739194229245186,0.7992703590498541,0.10781249403953552,0
385,0.004189036786556244,0.7988707238703292,0.15312500298023224,0
386,0.0014708666130900383,0.7984712885083941,0.11093750596046448,1
387,0.003073014784604311,0.79807205286414,0.10625000298023224,0
388,0.0022001531906425953,0.797673016837708,0.1015625,0
389,0.009110517799854279,0.7972741803292892,0.17343750596046448,1
390,0.1625973880290985,0.7968755432391246,0.20468750596046448,0
391,0.031055744737386703,0.796477105467505,0.109375,0
392,0.015154823660850525,0.7960788669147714,0.11562500149011612,1
393,0.0330674983561039,0.7956808274813141,0.1734374761581421,1
394,0.035628076642751694,0.7952829870675735,0.109375,1
395,0.06824249029159546,0.7948853455740398,0.13437499105930328,1
396,0.0036703813821077347,0.7944879029012528,0.05000000074505806,0
397,0.004067784640938044,0.7940906589498022,0.12968750298023224,1
398,0.0018176960293203592,0.7936936136203274,0.05781249701976776,1
399,0.013547434471547604,0.7932967668135174,0.0703125,0
400,0.036978356540203094,0.7929001184301107,0.11562500149011612,1
401,0.030030090361833572,0.7925036683708957,0.1171875,0
402,0.004964910913258791,0.7921074165367102,0.06562499701976776,0
403,0.006583205424249172,0.7917113628284419,0.125,1
404,0.005642151925712824,0.7913155071470277,0.06406250596046448,1
405,0.007716740481555462,0.7909198493934543,0.08437500149011612,1
406,0.017528649419546127,0.7905243894687576,0.16718749701976776,1
407,0.020526401698589325,0.7901291272740233,0.09531249850988388,1
408,0.010861698538064957,0.7897340627103864,0.13437499105930328,0
409,0.00554344616830349,0.7893391956790312,0.12656250596046448,0
410,0.0072610885836184025,0.7889445260811917,0.10312500596046448,1
411,0.020519129931926727,0.7885500538181511,0.15156249701976776,0
412,0.010677484795451164,0.7881557787912421,0.09843750298023224,0
413,0.00792986061424017,0.7877617009018465,0.10000000149011612,1
414,0.002304068999364972,0.7873678200513956,0.04374999925494194,1
415,0.0007561832317151129,0.7869741361413699,0.12656249105930328,1
416,0.007562583312392235,0.7865806490732993,0.07343750447034836,0
417,0.009106887504458427,0.7861873587487627,0.18906249105930328,1
418,0.003137534484267235,0.7857942650693883,0.13125000894069672,0
419,0.0016810983652248979,0.7854013679368537,0.08750000596046448,1
420,0.0653112530708313,0.7850086672528853,0.08906250447034836,1
421,0.04125361517071724,0.784616162919259,0.07499999552965164,1
422,0.019063418731093407,0.7842238548377993,0.0937500074505806,0
423,0.004563422407954931,0.7838317429103805,0.09218750149011612,0
424,0.007180752232670784,0.7834398270389253,0.15312501788139343,1
425,0.012066801078617573,0.783048107125406,0.06718750298023224,1
426,0.056401968002319336,0.7826565830718433,0.109375,1
427,0.027402566745877266,0.7822652547803074,0.08437500149011612,0
428,0.006365297362208366,0.7818741221529173,0.08281250298023224,0
429,0.0029192150104790926,0.7814831850918409,0.02968750149011612,1
430,0.01140330545604229,0.781092443499295,0.1093750074505806,1
431,0.01238666009157896,0.7807018972775454,0.09531250596046448,0
432,0.01759318634867668,0.7803115463289066,0.14374999701976776,1
433,0.008148008026182652,0.7799213905557423,0.04218749701976776,1
434,0.009540536440908909,0.7795314298604644,0.16718749701976776,1
435,0.002492298372089863,0.7791416641455342,0.09062500298023224,0
436,0.0214228592813015,0.7787520933134615,0.13906249403953552,1
437,0.01682465337216854,0.7783627172668048,0.14374999701976776,1
438,0.008229621686041355,0.7779735359081715,0.16874998807907104,1
439,0.0012086598435416818,0.7775845491402175,0.07968749850988388,0
440,0.004361955914646387,0.7771957568656473,0.203125,1
441,0.00449453666806221,0.7768071589872145,0.06562499701976776,1
442,0.0089385025203228,0.776418755407721,0.06875000149011612,1
443,0.004755249712616205,0.7760305460300172,0.06718750298023224,1
444,0.00323966215364635,0.7756425307570022,0.07343749701976776,1
445,0.002826675307005644,0.7752547094916237,0.17031250894069672,1
446,0.006807606667280197,0.7748670821368779,0.02499999850988388,0
447,0.004811270162463188,0.7744796485958095,0.17031249403953552,1
448,0.0022345087490975857,0.7740924087715116,0.171875,1
449,0.004671083763241768,0.773705362567126,0.14531250298023224,1
450,0.07760539650917053,0.7733185098858425,0.109375,1
451,0.08413514494895935,0.7729318506308996,0.20156250894069672,1
452,0.005560390651226044,0.7725453847055842,0.09687500447034836,1
453,0.013035880401730537,0.7721591120132315,0.13906250894069672,0
454,0.07955078780651093,0.771773032457225,0.17656248807907104,1
455,0.04216282069683075,0.7713871459409963,0.12968750298023224,1
456,0.02201332151889801,0.7710014523680259,0.09375,0
457,0.008172246627509594,0.7706159516418419,0.06093749776482582,1
458,0.006198184564709663,0.770230643666021,0.04531250149011612,1
459,0.032950785011053085,0.7698455283441881,0.12656250596046448,1
460,0.03856026008725166,0.769460605580016,0.109375,1
461,0.03211313113570213,0.7690758752772261,0.12031249701976776,1
462,0.010874157771468163,0.7686913373395875,0.13750000298023224,0
463,0.008731953799724579,0.7683069916709178,0.07499998807907104,1
464,0.01241929829120636,0.7679228381750823,0.10625000298023224,1
465,0.030149120837450027,0.7675388767559949,0.09062500298023224,1
466,0.01777416281402111,0.7671551073176169,0.13124999403953552,1
467,0.007303059101104736,0.7667715297639581,0.10468750447034836,1
468,0.010027231648564339,0.7663881439990762,0.1328125,1
469,0.011773216538131237,0.7660049499270767,0.05156250298023224,0
470,0.008866937831044197,0.7656219474521132,0.05156249925494194,0
471,0.027974888682365417,0.7652391364783871,0.09218750149011612,0
472,0.031844522804021835,0.764856516910148,0.07500000298023224,0
473,0.009459585882723331,0.764474088651693,0.05312500149011612,1
474,0.00597808975726366,0.7640918516073671,0.1015625074505806,1
475,0.004447270650416613,0.7637098056815635,0.07500000298023224,1
476,0.0161152146756649,0.7633279507787228,0.10781249403953552,1
477,0.007142175454646349,0.7629462868033335,0.03593750298023224,1
478,0.015551096759736538,0.7625648136599319,0.16093748807907104,1
479,0.00162501388695091,0.762183531253102,0.15000000596046448,0
480,0.07763544470071793,0.7618024394874755,0.10625000298023224,1
481,0.07731946557760239,0.7614215382677318,0.140625,1
482,0.014308124780654907,0.761040827498598,0.0625,0
483,0.0011286528315395117,0.7606603070848488,0.05156250298023224,1
484,0.04344787076115608,0.7602799769313064,0.08124999701976776,1
485,0.04812347888946533,0.7598998369428408,0.13593749701976776,1
486,0.059781745076179504,0.7595198870243695,0.09218749403953552,0
487,0.0017750065308064222,0.7591401270808573,0.08906250447034836,1
488,0.003706852439790964,0.7587605570173169,0.11406250298023224,1
489,0.005140366964042187,0.7583811767388083,0.05000000074505806,1
490,0.011152844876050949,0.758001986150439,0.0546875,0
491,0.07691624015569687,0.7576229851573638,0.13593749701976776,0
492,0.01777827739715576,0.7572441736647851,0.06093749403953552,0
493,0.0014539510011672974,0.7568655515779528,0.01718750223517418,1
494,0.0098493080586195,0.7564871188021638,0.0624999962747097,0
495,0.010539546608924866,0.7561088752427627,0.05781249701976776,1
496,0.026808463037014008,0.7557308208051414,0.16718751192092896,0
497,0.004757154732942581,0.7553529553947389,0.06406250596046448,1
498,0.0034882938489317894,0.7549752789170415,0.08281250298023224,0
499,0.008445216342806816,0.7545977912775831,0.07343749701976776,1
500,0.008634224534034729,0.7542204923819443,0.0625,1
501,0.010167255997657776,0.7538433821357534,0.09531250596046448,0
502,0.013168532401323318,0.7534664604446856,0.09843750298023224,1
503,0.004004654474556446,0.7530897272144633,0.13593751192092896,1
504,0.0010932721197605133,0.7527131823508562,0.10624999552965164,1
505,0.0027884452138096094,0.7523368257596807,0.10781250894069672,0
506,0.005716479383409023,0.751960657346801,0.1015625074505806,0
507,0.007937030866742134,0.7515846770181276,0.08906249701976776,0
508,0.0055091348476707935,0.7512088846796185,0.12031249701976776,1
509,0.001614036038517952,0.7508332802372788,0.16874998807907104,0
510,0.0731947124004364,0.7504578635971602,0.11874999850988388,1
511,0.042057305574417114,0.7500826346653616,0.08906250447034836,1
512,0.008136036805808544,0.7497075933480289,0.06406249850988388,0
513,0.006585168652236462,0.7493327395513549,0.07343749701976776,1
514,0.019876431673765182,0.7489580731815793,0.0859375074505806,1
515,0.04550758749246597,0.7485835941449885,0.09687499701976776,1
516,0.01618773862719536,0.748209302347916,0.09218750149011612,0
517,0.004183916840702295,0.7478351976967421,0.08124999701976776,1
518,0.0006808672333136201,0.7474612800978938,0.02656250074505806,1
519,0.002755129477009177,0.747087549457845,0.109375,0
520,0.014568336308002472,0.7467140056831161,0.06562500447034836,1
521,0.007365830708295107,0.7463406486802746,0.03437500074505806,1
522,0.0077402470633387566,0.7459674783559345,0.05937500298023224,1
523,0.0016156673664227128,0.7455944946167565,0.02500000037252903,1
524,0.007819092832505703,0.7452216973694482,0.125,1
525,0.0028088297694921494,0.7448490865207635,0.10312500596046448,1
526,0.005898293107748032,0.7444766619775032,0.04843750596046448,0
527,0.006257203873246908,0.7441044236465144,0.15468750894069672,1
528,0.008084927685558796,0.7437323714346912,0.09687499701976776,0
529,0.002398816170170903,0.7433605052489739,0.08125000447034836,1
530,0.0013653127243742347,0.7429888249963494,0.05937499925494194,0
531,0.0039247977547347546,0.7426173305838513,0.11562500894069672,0
532,0.004996479954570532,0.7422460219185594,0.16718751192092896,1
533,0.001588952960446477,0.7418748989076002,0.06718750298023224,0
534,0.001305698649957776,0.7415039614581465,0.09218750149011612,0
535,0.0006205702666193247,0.7411332094774175,0.11406250298023224,1
536,0.0022544735111296177,0.7407626428726788,0.1171875,0
537,0.001694476348347962,0.7403922615512425,0.03593750298023224,1
538,0.004625218920409679,0.7400220654204669,0.10468750447034836,0
539,0.0020889092702418566,0.7396520543877567,0.12968748807907104,1
540,0.04877513274550438,0.7392822283605629,0.078125,0
541,0.036615241318941116,0.7389125872463826,0.07500000298023224,1
542,0.020417479798197746,0.7385431309527595,0.10625000298023224,0
543,0.00129966891836375,0.7381738593872831,0.08437499403953552,1
544,0.025682218372821808,0.7378047724575895,0.0859375,0
545,0.022076183930039406,0.7374358700713607,0.03125,1
546,0.03616765886545181,0.737067152136325,0.078125,1
547,0.01876525953412056,0.7366986185602569,0.07499999552965164,0
548,0.0125315235927701,0.7363302692509768,0.12968750298023224,1
549,0.005727188196033239,0.7359621041163513,0.05937500298023224,0
550,0.012461373582482338,0.7355941230642932,0.109375,1
551,0.021006964147090912,0.735226326002761,0.11875000596046448,0
552,0.038182199001312256,0.7348587128397597,0.11250001192092896,1
553,0.013338527642190456,0.7344912834833398,0.06406249850988388,1
554,0.005589987616986036,0.7341240378415982,0.02031249925494194,0
555,0.016447119414806366,0.7337569758226774,0.0546875,1
556,0.016816681250929832,0.7333900973347661,0.0625000074505806,1
557,0.008310830220580101,0.7330234022860987,0.06562499701976776,0
558,0.012579541653394699,0.7326568905849558,0.08124999701976776,1
559,0.0014564800076186657,0.7322905621396634,0.00937500037252903,1
560,0.006085579749196768,0.7319244168585936,0.03593750298023224,0
561,0.009319907054305077,0.7315584546501643,0.0625,1
562,0.0068235136568546295,0.7311926754228393,0.1093750074505806,0
563,0.003466692054644227,0.7308270790851279,0.0546875,1
564,0.005682792514562607,0.7304616655455853,0.08124999701976776,0
565,0.006013303063809872,0.7300964347128126,0.13750000298023224,1
566,0.00626786844804883,0.7297313864954562,0.09218750149011612,1
567,0.0071152797900140285,0.7293665208022085,0.04843750223517418,1
568,0.01108050998300314,0.7290018375418075,0.1015625074505806,1
569,0.003605321981012821,0.7286373366230366,0.09687500447034836,1
570,0.027332985773682594,0.7282730179547252,0.046875,0
571,0.09442978352308273,0.7279088814457478,0.1640625,1
572,0.017643796280026436,0.727544927005025,0.12968750298023224,0
573,0.003096417523920536,0.7271811545415225,0.0703124925494194,1
574,0.04364033415913582,0.7268175639642518,0.13593751192092896,1
575,0.1326695680618286,0.7264541551822697,0.16562500596046448,0
576,0.01982334814965725,0.7260909281046787,0.05781250074505806,1
577,0.004662581719458103,0.7257278826406264,0.08281250298023224,1
578,0.017951078712940216,0.7253650186993061,0.07500000298023224,0
579,0.040948785841464996,0.7250023361899566,0.06562499701976776,1
580,0.01949474960565567,0.7246398350218617,0.02656250074505806,0
581,0.052051424980163574,0.7242775151043508,0.09687500447034836,1
582,0.041240185499191284,0.7239153763467987,0.15937499701976776,1
583,0.012333424761891365,0.7235534186586253,0.05781250074505806,0
584,0.037971898913383484,0.7231916419492961,0.06406250596046448,1
585,0.03635589778423309,0.7228300461283215,0.08437500149011612,1
586,0.05639991536736488,0.7224686311052574,0.13437500596046448,1
587,0.012915745377540588,0.7221073967897048,0.02656250074505806,0
588,0.00968498457223177,0.72174634309131,0.10000000149011612,0
589,0.020716799423098564,0.7213854699197644,0.09687499701976776,0
590,0.025302354246377945,0.7210247771848045,0.09687499701976776,0
591,0.021092357113957405,0.7206642647962122,0.07500000298023224,1
592,0.01019357331097126,0.7203039326638141,0.0468750037252903,0
593,0.009159153327345848,0.7199437806974822,0.07343749701976776,1
594,0.010604053735733032,0.7195838088071335,0.12343750149011612,0
595,0.01663447916507721,0.71922401690273,0.08906249701976776,1
596,0.015692992135882378,0.7188644048942786,0.06718750298023224,0
597,0.0071701426059007645,0.7185049726918316,0.08125000447034836,1
598,0.0027700758073478937,0.7181457202054857,0.05937500298023224,0
599,0.0053228940814733505,0.717786647345383,0.11406249552965164,1
600,0.058824777603149414,0.7174277540217103,0.0859375,1
601,0.05148998647928238,0.7170690401446995,0.09062499552965164,1
602,0.008897046558558941,0.7167105056246272,0.05781250447034836,0
603,0.002604053122922778,0.716352150371815,0.0390625,1
604,0.017055783420801163,0.7159939742966291,0.08750000596046448,1
605,0.0594213604927063,0.7156359773094809,0.08750000596046448,1
606,0.02729593962430954,0.7152781593208262,0.0703125,1
607,0.009295403026044369,0.7149205202411658,0.05781250074505806,0
608,0.005094427149742842,0.7145630599810453,0.0859375,1
609,0.003885352285578847,0.7142057784510548,0.03124999813735485,0
610,0.008659513667225838,0.7138486755618293,0.06562499701976776,0
611,0.053927063941955566,0.7134917512240484,0.09218749403953552,0
612,0.02907157875597477,0.7131350053484364,0.03281249850988388,1
613,0.01688549481332302,0.7127784378457622,0.07968750596046448,0
614,0.0050154984928667545,0.7124220486268393,0.01718750037252903,0
615,0.01654309779405594,0.712065837602526,0.06875000894069672,1
616,0.026072204113006592,0.7117098046837247,0.07968750596046448,0
617,0.02616151049733162,0.7113539497813829,0.10781250149011612,0
618,0.0025359434075653553,0.7109982728064922,0.03593749552965164,1
619,0.006399627774953842,0.710642773670089,0.0625,0
620,0.011456713080406189,0.710287452283254,0.06718749552965164,1
621,0.011706406250596046,0.7099323085571124,0.05937500298023224,1
622,0.01925041154026985,0.7095773424028339,0.07656250149011612,1
623,0.004175681155174971,0.7092225537316325,0.06718750298023224,0
624,0.004511798266321421,0.7088679424547667,0.11406250298023224,0
625,0.02213486284017563,0.7085135084835393,0.02187500149011612,0
626,0.008069820702075958,0.7081592517292976,0.07343750447034836,1
627,0.007066899444907904,0.707805172103433,0.09375,0
628,0.0034120434429496527,0.7074512695173812,0.04531250149011612,0
629,0.00048545535537414253,0.7070975438826226,0.10781250894069672,1
630,0.03917577862739563,0.7067439951106813,0.05156249925494194,1
631,0.04954550787806511,0.7063906231131261,0.08281250298023224,0
632,0.021645307540893555,0.7060374278015695,0.09531249850988388,1
633,0.00075162248685956,0.7056844090876688,0.05156250298023224,0
634,0.008568255230784416,0.705331566883125,0.06093750149011612,1
635,0.023338288068771362,0.7049789010996835,0.0312499962747097,1
636,0.022560277953743935,0.7046264116491338,0.06093750149011612,0
637,0.03318503126502037,0.7042740984433092,0.07187499850988388,0
638,0.02001793682575226,0.7039219613940876,0.14531248807907104,0
639,0.003282092045992613,0.7035700004133906,0.08437499403953552,0
640,0.030132178217172623,0.703218215413184,0.12343750894069672,1
641,0.03551296144723892,0.7028666063054774,0.05156249925494194,0
642,0.028683025389909744,0.7025151730023247,0.07500000298023224,1
643,0.005029603373259306,0.7021639154158236,0.04531250149011612,1
644,0.0028793876990675926,0.7018128334581157,0.06562499701976776,0
645,0.008525501005351543,0.7014619270413868,0.078125,1
646,0.011124229058623314,0.7011111960778661,0.0625,1
647,0.0073281098157167435,0.7007606404798272,0.04531250149011612,1
648,0.01076493039727211,0.7004102601595873,0.06562500447034836,0
649,0.004297594539821148,0.7000600550295075,0.11093749850988388,1
650,0.003996565006673336,0.6997100250019928,0.01718750037252903,0
651,0.007591750472784042,0.6993601699894918,0.07500000298023224,1
652,0.011087817139923573,0.6990104899044971,0.1328125,1
653,0.005807891488075256,0.6986609846595448,0.07187499850988388,0
654,0.0012754988856613636,0.6983116541672151,0.06406250596046448,1
655,0.006675991229712963,0.6979624983401315,0.06406250596046448,1
656,0.003990980330854654,0.6976135170909614,0.05312500149011612,1
657,0.01137374248355627,0.697264710332416,0.02187500149011612,0
658,0.0030014333315193653,0.6969160779772499,0.12968750298023224,0
659,0.003420779015868902,0.6965676199382612,0.06875000149011612,0
660,0.06845395267009735,0.6962193361282921,0.10625000298023224,1
661,0.02332167513668537,0.695871226460228,0.0625,0
662,0.002851673401892185,0.6955232908469979,0.09531249850988388,1
663,0.002503870753571391,0.6951755292015744,0.02656250074505806,1
664,0.031860072165727615,0.6948279414369737,0.08125000447034836,0
665,0.014082544483244419,0.6944805274662552,0.04843750596046448,0
666,0.04139048606157303,0.6941332872025221,0.03281250596046448,1
667,0.023018982261419296,0.6937862205589209,0.07500000298023224,1
668,0.0068640802055597305,0.6934393274486415,0.05781250074505806,0
669,0.023663487285375595,0.6930926077849172,0.10312500596046448,1
670,0.013704272918403149,0.6927460614810248,0.078125,1
671,0.006462898105382919,0.6923996884502843,0.02812499925494194,0
672,0.008517171256244183,0.6920534886060592,0.03281249478459358,0
673,0.0011539991246536374,0.6917074618617562,0.03437500074505806,1
674,0.0050211502239108086,0.6913616081308254,0.08281248807907104,1
675,0.011197826825082302,0.69101592732676,0.07656250149011612,1
676,0.004399377852678299,0.6906704193630966,0.0546875,0
677,0.0023345984518527985,0.6903250841534151,0.1015625,1
678,0.0008008847944438457,0.6899799216113385,0.09843750298023224,1
679,0.0014494331553578377,0.6896349316505328,0.06875000149011612,1
680,0.0021144270431250334,0.6892901141847075,0.09218749403953552,0
681,0.010038130916655064,0.6889454691276152,0.04843750223517418,0
682,0.0029330269899219275,0.6886009963930515,0.0625,0
683,0.001541898469440639,0.688256695894855,0.06562500447034836,0
684,0.00045808273716829717,0.6879125675469077,0.06093750149011612,1
685,0.0011575669050216675,0.6875686112631343,0.05625000223517418,1
686,0.0015670458087697625,0.6872248269575028,0.01718749850988388,1
687,0.0023014903999865055,0.6868812145440241,0.04843749850988388,1
688,0.0014141587307676673,0.6865377739367521,0.06093750149011612,0
689,0.001685775350779295,0.6861945050497837,0.08906250447034836,1
690,0.03763839602470398,0.6858514077972588,0.05156249925494194,1
691,0.05103548616170883,0.6855084820933602,0.125,1
692,0.005467260722070932,0.6851657278523136,0.04843749850988388,1
693,0.017264673486351967,0.6848231449883875,0.15468749403953552,1
694,0.012871317565441132,0.6844807334158933,0.02187499962747097,0
695,0.03531157597899437,0.6841384930491854,0.078125,1
696,0.008020583540201187,0.6837964238026608,0.01874999888241291,1
697,0.003090167185291648,0.6834545255907595,0.07499998807907104,0
698,0.006020089611411095,0.6831127983279641,0.03125,0
699,0.011553389951586723,0.6827712419288002,0.08281249552965164,1
700,0.004433115944266319,0.6824298563078359,0.02656250074505806,1
701,0.025751274079084396,0.6820886413796821,0.0625,1
702,0.004232833161950111,0.6817475970589922,0.06874999403953552,0
703,0.008965207263827324,0.6814067232604628,0.10000000149011612,1
704,0.006578861270099878,0.6810660198988326,0.03593749925494194,0
705,0.012492543086409569,0.6807254868888832,0.04062500223517418,1
706,0.013048915192484856,0.6803851241454388,0.10468749701976776,0
707,0.00231360737234354,0.6800449315833662,0.0546875,0
708,0.0020509925670921803,0.6797049091175745,-0.003125000512227416,0
709,0.005315374583005905,0.6793650566630158,0.11250000447034836,0
710,0.004939539823681116,0.6790253741346843,0.0546875,0
711,0.0031967894174158573,0.678685861447617,0.07343750447034836,0
712,0.005140609107911587,0.6783465185168932,0.03437499701976776,0
713,0.0025996719487011433,0.6780073452576348,0.06562500447034836,0
714,0.003067833837121725,0.6776683415850061,0.06718750298023224,1
715,0.00363963283598423,0.6773295074142136,0.08125000447034836,1
716,0.0032043224200606346,0.6769908426605066,0.1328125,1
717,0.001970432000234723,0.6766523472391763,0.06875000149011612,0
718,0.0012364067370072007,0.6763140210655568,0.1015625074505806,0
719,0.0004538798239082098,0.6759758640550241,0.09843750298023224,1
720,0.0348031185567379,0.6756378761229966,0.04843750596046448,0
721,0.009104778058826923,0.6753000571849351,0.0015624999068677425,1
722,0.007492232136428356,0.6749624071563427,0.07656250149011612,1
723,0.007845096290111542,0.6746249259527646,0.11874999105930328,1
724,0.0053624617867171764,0.6742876134897883,0.046875,1
725,0.011181780137121677,0.6739504696830434,0.02500000223517418,0
726,0.011857470497488976,0.673613494448202,0.06718750298023224,1
727,0.011252883821725845,0.6732766877009779,0.0390625,0
728,0.005987626034766436,0.6729400493571275,0.09062499552965164,0
729,0.006052148528397083,0.672603579332449,0.12343750894069672,1
730,0.009642887860536575,0.6722672775427828,0.04375000298023224,1
731,0.007178142666816711,0.6719311439040114,0.04062500223517418,0
732,0.01316810678690672,0.6715951783320595,0.05156249552965164,1
733,0.024659795686602592,0.6712593807428935,0.06562499701976776,0
734,0.0059021394699811935,0.6709237510525221,0.02968750149011612,1
735,0.00920109637081623,0.6705882891769959,0.0703125,1
736,0.008189269341528416,0.6702529950324074,0.0625,0
737,0.0038691076915711164,0.6699178685348912,0.05625000596046448,1
738,0.009747158735990524,0.6695829096006238,0.10624999552965164,0
739,0.0023674650583416224,0.6692481181458235,0.06875000149011612,0
740,0.0052542672492563725,0.6689134940867506,0.02500000037252903,1
741,0.008643951267004013,0.6685790373397072,0.06406249850988388,0
742,0.005213240627199411,0.6682447478210375,0.05781250447034836,0
743,0.002316493773832917,0.667910625447127,0.125,1
744,0.000680519558954984,0.6675766701344035,0.04843750223517418,1
745,0.003827875480055809,0.6672428817993363,0.03437500074505806,1
746,0.01893327385187149,0.6669092603584367,0.109375,1
747,0.0033027250319719315,0.6665758057282575,0.07500000298023224,0
748,0.0006248855497688055,0.6662425178253933,0.06718750298023224,1
749,0.00781271606683731,0.6659093965664807,0.11562500894069672,0
750,0.07429952919483185,0.6655764418681975,0.12656250596046448,1
751,0.01298403088003397,0.6652436536472635,0.05781250074505806,0
752,0.010558054782450199,0.6649110318204399,0.05781250447034836,1
753,0.0188766997307539,0.6645785763045297,0.12968750298023224,1
754,0.005249238573014736,0.6642462870163774,0.03593750298023224,0
755,0.013511830009520054,0.6639141638728693,0.08749999850988388,0
756,0.001495111733675003,0.6635822067909328,0.05781250074505806,0
757,0.0049849823117256165,0.6632504156875374,0.06875000149011612,0
758,0.002299514366313815,0.6629187904796937,0.05937499925494194,1
759,0.016088275238871574,0.6625873310844539,0.1171875074505806,0
760,0.00037268991582095623,0.6622560374189117,0.02656250074505806,0
761,0.002172208623960614,0.6619249094002023,0.1171875074505806,1
762,0.0025537030305713415,0.6615939469455022,0.03750000149011612,1
763,0.0015821107663214207,0.6612631499720295,0.0390625,1
764,0.004552398808300495,0.6609325183970435,0.06875000149011612,0
765,0.0006941059255041182,0.660602052137845,0.0703125,0
766,0.00035318342270329595,0.660271751111776,0.05781249701976776,0
767,0.002883489476516843,0.6599416152362202,0.07187499850988388,0
768,0.0008598310523666441,0.6596116444286021,0.03125,1
769,0.0015453153755515814,0.6592818386063878,0.08281250298023224,0
770,0.0026244381442666054,0.6589521976870846,0.10625000298023224,0
771,0.0008734171278774738,0.6586227215882411,0.10781250149011612,1
772,0.0006280725356191397,0.658293410227447,0.08281249552965164,0
773,0.0011269249953329563,0.6579642635223334,0.04062500223517418,0
774,0.0016841861652210355,0.6576352813905723,0.08750000596046448,1
775,0.0016423031920567155,0.657306463749877,0.05156249925494194,0
776,0.0005464510759338737,0.6569778105180021,0.1171875,1
777,0.0006462486926466227,0.6566493216127431,0.05937500298023224,1
778,0.001172818010672927,0.6563209969519368,0.04531250149011612,1
779,0.007095701526850462,0.6559928364534608,0.0859375,1
780,0.053055111318826675,0.6556648400352342,0.10468750447034836,1
781,0.011572768911719322,0.6553370076152166,0.0859375,0
782,0.002505655400454998,0.655009339111409,0.0703125074505806,0
783,0.012093696743249893,0.6546818344418533,0.109375,1
784,0.01648135483264923,0.6543544935246325,0.06875000149011612,1
785,0.017377955839037895,0.6540273162778703,0.0625,0
786,0.002547627314925194,0.6537003026197313,0.0468750037252903,1
787,0.008674339391291142,0.6533734524684215,0.04999999701976776,1
788,0.008190668188035488,0.6530467657421873,0.07343750447034836,1
789,0.01713460311293602,0.6527202423593162,0.06562499701976776,1
790,0.005667000077664852,0.6523938822381367,0.05000000074505806,1
791,0.011905531398952007,0.6520676852970176,0.06718750298023224,0
792,0.007240155711770058,0.6517416514543691,0.10312500596046448,0
793,0.012998933903872967,0.651415780628642,0.11250000447034836,0
794,0.015241238288581371,0.6510900727383278,0.1093750074505806,1
795,0.010849382728338242,0.6507645277019586,0.0390625,0
796,0.0057441252283751965,0.6504391454381077,0.05156250298023224,0
797,0.002240757690742612,0.6501139258653886,0.12812499701976776,0
798,0.007965064607560635,0.649788868902456,0.04843750223517418,1
799,0.008248254656791687,0.6494639744680049,0.0031250009778887033,1
800,0.007659114897251129,0.6491392424807709,0.03437499701976776,1
801,0.006291855592280626,0.6488146728595305,0.05624999850988388,1
802,0.0019545764662325382,0.6484902655231009,0.05156250298023224,1
803,0.006763388402760029,0.6481660203903393,0.05312500149011612,0
804,0.006836889311671257,0.6478419373801442,0.0937500074505806,1
805,0.012312300503253937,0.6475180164114541,0.07500000298023224,1
806,0.0011664595222100616,0.6471942574032484,0.05625000223517418,1
807,0.0002732441062107682,0.6468706602745469,0.01718749850988388,1
808,0.0035127056762576103,0.6465472249444096,0.1171875,0
809,0.005535792093724012,0.6462239513319374,0.06406249850988388,1
810,0.025683850049972534,0.6459008393562715,0.05937500670552254,1
811,0.007908727042376995,0.6455778889365934,0.04218750447034836,1
812,0.0129146259278059,0.6452550999921252,0.11562500149011612,1
813,0.004889432806521654,0.6449324724421291,0.11406249552965164,1
814,0.012468717992305756,0.6446100062059081,0.0546875,0
815,0.026695607230067253,0.6442877012028052,0.08125000447034836,0
816,0.056584298610687256,0.6439655573522038,0.04843749850988388,1
817,0.0047125136479735374,0.6436435745735278,0.10468750447034836,0
818,0.009813915006816387,0.6433217527862412,0.0015625003725290298,0
819,0.023721739649772644,0.6430000919098481,0.05000000074505806,1
820,0.03155897557735443,0.6426785918638932,0.06406250596046448,1
821,0.035681914538145065,0.6423572525679613,0.10000000149011612,0
822,0.0026302917394787073,0.6420360739416774,0.02812500111758709,1
823,0.016493679955601692,0.6417150559047066,0.046875,0
824,0.0192020945250988,0.6413941983767543,0.07968750596046448,0
825,0.013403795659542084,0.6410735012775659,0.07187500596046448,0
826,0.00425895769149065,0.6407529645269272,0.07968750596046448,0
827,0.003407747484743595,0.6404325880446637,0.07343750447034836,0
828,0.010674495249986649,0.6401123717506414,0.0859375,1
829,0.012288326397538185,0.6397923155647661,0.08124999701976776,1
830,0.008113071322441101,0.6394724194069837,0.09375,1
831,0.00146959675475955,0.6391526831972802,0.08281249552965164,0
832,0.003349845763295889,0.6388331068556816,0.07656250149011612,0
833,0.010397063568234444,0.6385136903022538,0.05156250298023224,1
834,0.005781086161732674,0.6381944334571027,0.10781250149011612,1
835,0.0033649452961981297,0.6378753362403742,0.04531250149011612,1
836,0.0021289954893290997,0.637556398572254,0.07187499850988388,0
837,0.005708451848477125,0.6372376203729679,0.07656250149011612,0
838,0.001756073790602386,0.6369190015627815,0.0234375,0
839,0.0019223829731345177,0.6366005420620001,0.03281250223517418,0
840,0.07022049278020859,0.6362822417909691,0.12968750298023224,0
841,0.0038604745641350746,0.6359641006700737,0.07187499850988388,1
842,0.014175220392644405,0.6356461186197387,0.0546875,1
843,0.04174616187810898,0.6353282955604289,0.09062500298023224,1
844,0.05335313081741333,0.6350106314126487,0.09843750298023224,0
845,0.018884990364313126,0.6346931260969424,0.10781250149011612,0
846,0.005709216929972172,0.634375779533894,0.09687499701976776,1
847,0.012412170879542828,0.6340585916441271,0.03281250223517418,0
848,0.009597591124475002,0.6337415623483051,0.0062500000931322575,1
849,0.040912844240665436,0.633424691567131,0.03125,0
850,0.08389663696289062,0.6331079792213474,0.09687499701976776,0
851,0.05101660639047623,0.6327914252317368,0.1015624925494194,1
852,0.021620167419314384,0.6324750295191209,0.0703125,1
853,0.04189174994826317,0.6321587920043614,0.11406250298023224,0
854,0.022940438240766525,0.6318427126083592,0.02968750149011612,0
855,0.0312538668513298,0.6315267912520551,0.05937500298023224,1
856,0.07101849466562271,0.6312110278564291,0.07500000298023224,1
857,0.03227609395980835,0.630895422342501,0.06406249850988388,1
858,0.030764544382691383,0.6305799746313298,0.08281250298023224,1
859,0.03427492454648018,0.6302646846440141,0.05624999850988388,1
860,0.0312526598572731,0.6299495523016921,0.05937500298023224,1
861,0.010855698958039284,0.6296345775255413,0.02812499925494194,1
862,0.02725878357887268,0.6293197602367786,0.1093750074505806,1
863,0.04628070071339607,0.6290051003566602,0.07656249403953552,1
864,0.06980832666158676,0.628690597806482,0.05937499925494194,1
865,0.024152297526597977,0.6283762525075788,0.04062499850988388,0
866,0.002039209008216858,0.6280620643813251,0.02187499962747097,1
867,0.03662673011422157,0.6277480333491344,0.06718749552965164,0
868,0.015252250246703625,0.6274341593324599,0.03750000149011612,0
869,0.01075083389878273,0.6271204422527937,0.1015625074505806,1
870,0.0262327678501606,0.6268068820316673,0.02500000037252903,0
871,0.011218537576496601,0.6264934785906515,0.04843749850988388,0
872,0.0006477053975686431,0.6261802318513562,0.06406250596046448,0
873,0.022808227688074112,0.6258671417354306,0.05781250447034836,0
874,0.018930058926343918,0.6255542081645629,0.06875000149011612,1
875,0.01080930233001709,0.6252414310604806,0.0546875037252903,0
876,0.006127689499408007,0.6249288103449504,0.05937499552965164,1
877,0.002347830915823579,0.624616345939778,0.046875,1
878,0.012554286979138851,0.6243040377668081,0.08281251043081284,1
879,0.01418966893106699,0.6239918857479247,0.07968749850988388,1
880,0.033011544495821,0.6236798898050508,0.13124999403953552,1
881,0.010368933901190758,0.6233680498601484,0.08281250298023224,0
882,0.019259348511695862,0.6230563658352183,0.09375,1
883,0.019315900281071663,0.6227448376523007,0.07968749850988388,1
884,0.013933856971561909,0.6224334652334746,0.12031249701976776,0
885,0.0007968039135448635,0.622122248500858,0.10781250894069672,1
886,0.00872256699949503,0.6218111873766076,0.09218750149011612,0
887,0.02001231536269188,0.6215002817829193,0.10000000149011612,0
888,0.007121818605810404,0.6211895316420278,0.08750000596046448,0
889,0.007570693735033274,0.6208789368762069,0.04999999701976776,1
890,0.004388276021927595,0.6205684974077688,0.07187500596046448,1
891,0.006560276262462139,0.6202582131590649,0.11249999701976776,0
892,0.00416541937738657,0.6199480840524855,0.07187500596046448,1
893,0.0019640387035906315,0.6196381100104592,0.11093749850988388,1
894,0.0010222804266959429,0.619328290955454,0.11562500149011612,0
895,0.006054209545254707,0.6190186268099763,0.10312500596046448,1
896,0.0022096186876296997,0.6187091174965714,0.05781250447034836,0
897,0.0005256040021777153,0.6183997629378232,0.06093750149011612,1
898,0.0008876188658177853,0.6180905630563543,0.09218750894069672,0
899,0.002154328627511859,0.6177815177748261,0.02968749962747097,1
900,0.024999013170599937,0.6174726270159387,0.04999999701976776,0
901,0.010483146645128727,0.6171638907024308,0.02500000037252903,0
902,0.0013244729489088058,0.6168553087570796,0.07187499850988388,1
903,0.015191331505775452,0.6165468811027011,0.06718749552965164,1
904,0.013242026790976524,0.6162386076621498,0.0546875,1
905,0.010637665167450905,0.6159304883583188,0.04531250149011612,1
906,0.008020816370844841,0.6156225231141397,0.08749999105930328,0
907,0.003597135189920664,0.6153147118525827,0.05000000447034836,1
908,0.005673311650753021,0.6150070544966564,0.06718750298023224,1
909,0.008196164853870869,0.6146995509694081,0.06093750521540642,1
910,0.011048689484596252,0.6143922011939235,0.07343749701976776,1
911,0.0007712694350630045,0.6140850050933265,0.09531250596046448,1
912,0.002337775193154812,0.6137779625907799,0.09218750149011612,1
913,0.0067945076152682304,0.6134710736094845,0.09531249850988388,0
914,0.013130024075508118,0.6131643380726798,0.01718750223517418,0
915,0.0013565467670559883,0.6128577559036434,0.05625000596046448,0
916,0.0009711008751764894,0.6125513270256917,0.04531249403953552,0
917,0.0061104814521968365,0.6122450513621789,0.13906249403953552,0
918,0.0030656212475150824,0.6119389288364978,0.09531249850988388,1
919,0.0014048853190615773,0.6116329593720796,0.02187499962747097,0
920,0.0010859371395781636,0.6113271428923936,0.06093749776482582,1
921,0.006738218478858471,0.6110214793209475,0.08750000596046448,0
922,0.001293426612392068,0.6107159685812871,0.06093750149011612,1
923,0.0005948699545115232,0.6104106105969964,0.04062500223517418,0
924,0.0005761252832598984,0.610105405291698,0.08437499403953552,0
925,0.0038917595520615578,0.6098003525890522,0.13124999403953552,1
926,0.00037007028004154563,0.6094954524127577,0.06093750149011612,0
927,0.002450645435601473,0.6091907046865513,0.04062499850988388,1
928,0.0005330350832082331,0.6088861093342081,0.05156250298023224,1
929,0.0007260575657710433,0.608581666279541,0.07187500596046448,1
930,0.01443108543753624,0.6082773754464013,0.02968750149011612,0
931,0.014640127308666706,0.6079732367586781,0.05625000223517418,1
932,0.010340265929698944,0.6076692501402988,0.11093749850988388,1
933,0.002925512846559286,0.6073654155152287,0.012500000186264515,1
934,0.03514578193426132,0.6070617328074711,0.04218750074505806,0
935,0.017363566905260086,0.6067582019410674,0.06406250596046448,1
936,0.012966380454599857,0.606454822840097,0.04531250149011612,0
937,0.0012176521122455597,0.606151595428677,0.02343750186264515,1
938,0.0052480632439255714,0.6058485196309628,0.03749999776482582,1
939,0.007067195139825344,0.6055455953711473,0.046875,1
940,0.005753811914473772,0.6052428225734617,0.04375000298023224,1
941,0.006869710516184568,0.6049402011621751,0.109375,0
942,0.0007318095304071903,0.604637731061594,0.06093750149011612,1
943,0.00396746676415205,0.6043354121960632,0.03750000149011612,1
944,0.007663127034902573,0.6040332444899652,0.0546875,0
945,0.0067641353234648705,0.6037312278677203,0.06718750298023224,1
946,0.0029780541080981493,0.6034293622537864,0.04999999701976776,0
947,0.0025849072262644768,0.6031276475726596,0.07500000298023224,1
948,0.007838540710508823,0.6028260837488733,0.1328125,1
949,0.004271463956683874,0.6025246707069989,0.02968750149011612,0
950,0.004011753015220165,0.6022234083716455,0.11562500149011612,1
951,0.0028748242184519768,0.6019222966674597,0.09062500298023224,0
952,0.001098082517273724,0.601621335519126,0.05781250447034836,0
953,0.0028770468197762966,0.6013205248513664,0.07968749850988388,0
954,0.006235203705728054,0.6010198645889407,0.05000000447034836,1
955,0.009700951166450977,0.6007193546566463,0.07187499105930328,1
956,0.002151386346668005,0.6004189949793179,0.07343749701976776,1
957,0.002956417389214039,0.6001187854818283,0.08125000447034836,1
958,0.002506877528503537,0.5998187260890874,0.08437500149011612,0
959,0.005180589854717255,0.5995188167260429,0.014062500558793545,0
960,0.06753604859113693,0.5992190573176799,0.12031249701976776,0
961,0.0033720959909260273,0.5989194477890211,0.07343750447034836,1
962,0.022294897586107254,0.5986199880651266,0.07343749701976776,0
963,0.1867765635251999,0.5983206780710941,0.13593749701976776,0
964,0.0034139282070100307,0.5980215177320586,0.06718750298023224,1
965,0.015461251139640808,0.5977225069731926,0.07499999552965164,1
966,0.01874002069234848,0.5974236457197061,0.007812500931322575,0
967,0.05963952839374542,0.5971249338968463,0.05312500149011612,1
968,0.05832936242222786,0.5968263714298979,0.05156249925494194,0
969,0.026566412299871445,0.596527958244183,-0.0046875011175870895,0
970,0.013927839696407318,0.596229694265061,0.03750000149011612,0
971,0.012801479548215866,0.5959315794179285,0.0703125,1
972,0.012775483541190624,0.5956336136282195,0.10000000894069672,0
973,0.0244966559112072,0.5953357968214055,0.11406250298023224,1
974,0.00825745053589344,0.5950381289229948,0.07968749850988388,1
975,0.012506246566772461,0.5947406098585333,0.03750000149011612,1
976,0.015350980684161186,0.594443239553604,0.06875000149011612,0
977,0.009123259223997593,0.5941460179338273,0.08750000596046448,0
978,0.001796965952962637,0.5938489449248604,0.06875000149011612,0
979,0.0008022589609026909,0.593552020452398,0.0312500037252903,1
980,0.009596141055226326,0.5932552444421718,0.05937500298023224,1
981,0.008962052874267101,0.5929586168199508,0.06875000149011612,0
982,0.03561319038271904,0.5926621375115408,0.07500000298023224,0
983,0.014741640537977219,0.5923658064427851,0.02968749590218067,0
984,0.0035529069136828184,0.5920696235395638,0.05000000074505806,0
985,0.007086119148880243,0.5917735887277941,0.05312500149011612,1
986,0.007217115722596645,0.5914777019334302,0.046875,0
987,0.010911064222455025,0.5911819630824635,0.046875,1
988,0.0009304590639658272,0.5908863721009223,0.02968750149011612,1
989,0.0023784509394317865,0.5905909289148719,0.06406249850988388,1
990,0.03542132303118706,0.5902956334504145,0.05156250670552254,1
991,0.006182350218296051,0.5900004856336893,0.05937499552965164,0
992,0.003085881471633911,0.5897054853908725,0.09687500447034836,1
993,0.011284885928034782,0.5894106326481772,0.02812499925494194,1
994,0.02416062168776989,0.5891159273318531,0.05781250447034836,0
995,0.006365444976836443,0.5888213693681873,0.03593749925494194,0
996,0.003661795984953642,0.5885269586835032,0.01718750037252903,0
997,0.008332580327987671,0.5882326952041615,0.08125000447034836,0
998,0.009287451393902302,0.5879385788565595,0.04843750223517418,1
999,0.011332694441080093,0.5876446095671313,0.05781250447034836,0
1000,0.00607722532004118,0.5873507872623477,0.0546875,0
1001,0.00473533570766449,0.5870571118687166,0.09687501192092896,1
1002,0.003144281916320324,0.5867635833127822,0.06093750149011612,0
1003,0.008464403450489044,0.5864702015211258,0.08437500894069672,1
1004,0.00745947752147913,0.5861769664203653,0.04375000298023224,0
1005,0.0068159871734678745,0.5858838779371551,0.046875,0
1006,0.0003985693911090493,0.5855909359981866,0.03281250223517418,1
1007,0.0020301006734371185,0.5852981405301875,0.05000000074505806,1
1008,0.004382122308015823,0.5850054914599224,0.13593749701976776,1
1009,0.004614713601768017,0.5847129887141925,0.04218750074505806,1
1010,0.0019702157005667686,0.5844206322198354,0.04218749701976776,1
1011,6.481623859144747e-05,0.5841284219037255,0.03281250223517418,1
1012,0.003955677151679993,0.5838363576927736,0.06093750149011612,1
1013,0.0029615452513098717,0.5835444395139273,0.04218750447034836,0
1014,0.002142576267942786,0.5832526672941704,0.07187500596046448,0
1015,0.001123708439990878,0.5829610409605233,0.05937500298023224,0
1016,0.024105535820126534,0.582669560440043,0.08125000447034836,1
1017,0.0004948352579958737,0.582378225659823,0.07500000298023224,1
1018,0.0005848155706189573,0.5820870365469931,0.046875,0
1019,0.002676368923857808,0.5817959930287196,0.0625,1
1020,0.028687216341495514,0.5815050950322053,0.0859375,0
1021,0.003460264066234231,0.5812143424846892,0.001562497578561306,1
1022,0.0006895596161484718,0.5809237353134469,0.03750000149011612,1
1023,0.009695989079773426,0.5806332734457902,0.06718750298023224,1
1024,0.021915387362241745,0.5803429568090673,0.0625,1
1025,0.017922591418027878,0.5800527853306628,0.02500000223517418,1
1026,0.006246714387089014,0.5797627589379976,0.12812501192092896,1
1027,0.006864497438073158,0.5794728775585286,0.04374999925494194,0
1028,0.010624104179441929,0.5791831411197493,0.02656250074505806,0
1029,0.032760851085186005,0.5788935495491895,0.078125,1
1030,0.006594967097043991,0.5786041027744149,0.09843750298023224,1
1031,0.005469644442200661,0.5783148007230277,0.03437500074505806,0
1032,0.01848425902426243,0.5780256433226661,0.06406250596046448,1
1033,0.014947128482162952,0.5777366305010049,0.04843749850988388,0
1034,0.002670617774128914,0.5774477621857544,0.04843750223517418,1
1035,0.0031682471744716167,0.5771590383046616,0.06718750298023224,1
1036,0.005228634458035231,0.5768704587855094,0.06875000149011612,0
1037,0.007627046201378107,0.5765820235561167,0.10781250149011612,1
1038,0.0028800019063055515,0.5762937325443386,0.08906249701976776,1
1039,0.00011473700578790158,0.5760055856780665,0.06093749776482582,1
1040,0.0016895137960091233,0.5757175828852275,0.07500000298023224,1
1041,0.004342227708548307,0.5754297240937849,0.05625000223517418,1
1042,0.0035695042461156845,0.5751420092317381,0.009375001303851604,1
1043,0.001455190242268145,0.5748544382271222,0.05937500298023224,1
0,0.39468878507614136,0.9684988314739038,0.3984375,0
1,0.5481549501419067,0.9680145820581669,0.6312500238418579,1
2,0.3257479667663574,0.9675305747671379,0.4140625,0
3,0.3465856611728668,0.9670468094797544,0.5093750357627869,1
4,0.2599431574344635,0.9665632860750146,0.4203124940395355,1
5,0.21302051842212677,0.9660800044319772,0.3921875059604645,1
6,0.20510463416576385,0.9655969644297613,0.44062501192092896,1
7,0.16315366327762604,0.9651141659475465,0.3421874940395355,1
8,0.16656610369682312,0.9646316088645728,0.44374996423721313,1
9,0.14975419640541077,0.9641492930601405,0.37812498211860657,0
10,0.16996926069259644,0.9636672184136105,0.5218749642372131,1
11,0.1383962631225586,0.9631853848044037,0.3609375059604645,1
12,0.1548328399658203,0.9627037921120016,0.3765624761581421,1
13,0.09871849417686462,0.9622224402159457,0.34843748807907104,0
14,0.09169352054595947,0.9617413289958378,0.3859374523162842,0
15,0.08116130530834198,0.9612604583313399,0.604687511920929,0
16,0.07955650985240936,0.9607798281021742,0.375,1
17,0.07457932084798813,0.9602994381881231,0.44062501192092896,1
18,0.057576242834329605,0.9598192884690291,0.4375000298023224,1
19,0.045578960329294205,0.9593393788247946,0.3687499761581421,1
20,0.03856341913342476,0.9588597091353822,0.4124999940395355,1
21,0.020981814712285995,0.9583802792808146,0.42656248807907104,0
22,0.02627493068575859,0.9579010891411742,0.3421874940395355,1
23,0.02996654622256756,0.9574221385966036,0.4750000238418579,0
24,0.014682602137327194,0.9569434275273054,0.24843749403953552,1
25,0.014093179255723953,0.9564649558135419,0.4359375238418579,1
26,0.018557418137788773,0.9559867233356352,0.30937498807907104,1
27,0.02254486456513405,0.9555087299739674,0.4374999701976776,1
28,0.021146634593605995,0.9550309756089804,0.296875,0
29,0.013041450642049313,0.954553460121176,0.19218751788139343,0
30,0.38642045855522156,0.9540761833911156,0.3921875059604645,1
31,0.2825765907764435,0.95359914529942,0.3765624761581421,1
32,0.1689513921737671,0.9531223457267703,0.3031249940395355,0
33,0.09998380392789841,0.952645784553907,0.27812501788139343,1
34,0.08583161234855652,0.9521694616616301,0.3578124940395355,1
35,0.0894552618265152,0.9516933769307994,0.3687500059604645,1
36,0.11062712222337723,0.951217530242334,0.4375,1
37,0.13681024312973022,0.9507419214772129,0.33281248807907104,1
38,0.09959713369607925,0.9502665505164744,0.21250000596046448,1
39,0.07661164551973343,0.9497914172412162,0.27031248807907104,1
40,0.042429663240909576,0.9493165215325956,0.3218749761581421,0
41,0.023445261642336845,0.9488418632718294,0.3125,1
42,0.0240810364484787,0.9483674423401935,0.3031249940395355,1
43,0.03478899598121643,0.9478932586190235,0.30156248807907104,1
44,0.051710475236177444,0.9474193119897141,0.24062499403953552,1
45,0.05812922492623329,0.9469456023337193,0.44999998807907104,1
46,0.04073715955018997,0.9464721295325524,0.38437503576278687,0
47,0.02980618178844452,0.9459988934677862,0.3359375,1
48,0.028377769514918327,0.9455258940210524,0.26875001192092896,1
49,0.01653578132390976,0.9450531310740419,0.2828125059604645,1
50,0.016496991738677025,0.9445806045085049,0.37812501192092896,0
51,0.015539913438260555,0.9441083142062507,0.34375,1
52,0.029545661062002182,0.9436362600491477,0.3203125,1
53,0.02004828117787838,0.9431644419191232,0.35624998807907104,0
54,0.02246529795229435,0.9426928596981636,0.37031251192092896,1
55,0.02197800576686859,0.9422215132683146,0.3062499761581421,1
56,0.016872840002179146,0.9417504025116805,0.35624998807907104,1
57,0.016942478716373444,0.9412795273104247,0.2828125059604645,1
58,0.009167766198515892,0.9408088875467696,0.265625,1
59,0.01803598366677761,0.9403384831029963,0.33281248807907104,1
60,0.23656265437602997,0.9398683138614449,0.24531248211860657,1
61,0.15762999653816223,0.9393983797045142,0.16718749701976776,0
62,0.2131647765636444,0.938928680514662,0.2953124940395355,1
63,0.14529934525489807,0.9384592161744048,0.30156248807907104,1
64,0.09145842492580414,0.9379899865663176,0.3437499701976776,1
65,0.04695431515574455,0.9375209915730345,0.25,1
66,0.05840235948562622,0.937052231077248,0.22812499105930328,0
67,0.058817729353904724,0.9365837049617094,0.21718750894069672,1
68,0.09711837023496628,0.9361154131092286,0.203125,0
69,0.11875271052122116,0.9356473554026741,0.34375,1
70,0.06535684317350388,0.9351795317249728,0.3374999761581421,0
71,0.03567070886492729,0.9347119419591103,0.28437501192092896,0
72,0.0030358824878931046,0.9342445859881309,0.16250000894069672,1
73,0.008229387924075127,0.9337774636951368,0.3046875,1
74,0.014164828695356846,0.9333105749632893,0.29531246423721313,1
75,0.028647180646657944,0.9328439196758077,0.28125,1
76,0.030775412917137146,0.9323774977159699,0.22968749701976776,0
77,0.03205984830856323,0.9319113089671119,0.23593750596046448,1
78,0.039708614349365234,0.9314453533126285,0.3031250238418579,1
79,0.025456704199314117,0.9309796306359722,0.2593750059604645,1
80,0.019388139247894287,0.9305141408206543,0.20781248807907104,1
81,0.012689466588199139,0.9300488837502441,0.32343748211860657,1
82,0.006201771553605795,0.9295838593083691,0.26874998211860657,0
83,0.02699563466012478,0.929119067378715,0.17343750596046448,1
84,0.004637428559362888,0.9286545078450257,0.17656250298023224,0
85,0.01440863125026226,0.9281901805911033,0.22499999403953552,1
86,0.012434693053364754,0.9277260855008077,0.30937498807907104,1
87,0.007948235608637333,0.9272622224580573,0.2953124940395355,1
88,0.026658738031983376,0.9267985913468284,0.20781248807907104,0
89,0.017653675749897957,0.926335192051155,0.1875,1
90,0.30497661232948303,0.9258720244551295,0.3125,1
91,0.255581259727478,0.925409088442902,0.31562501192092896,1
92,0.14388251304626465,0.9249463838986807,0.27656248211860657,0
93,0.05191590264439583,0.9244839107067314,0.26250001788139343,1
94,0.02520608901977539,0.9240216687513781,0.27031248807907104,0
95,0.028677914291620255,0.9235596579170025,0.24374999105930328,1
96,0.05777866020798683,0.923097878088044,0.2671874761581421,1
97,0.10411576926708221,0.9226363291490001,0.18593749403953552,0
98,0.10185912251472473,0.9221750109844257,0.17343750596046448,0
99,0.08023728430271149,0.9217139234789336,0.22187498211860657,1
100,0.08104473352432251,0.9212530665171942,0.2265625,0
101,0.036525171250104904,0.9207924399839357,0.171875,1
102,0.023449188098311424,0.9203320437639437,0.22499999403953552,1
103,0.029815329238772392,0.9198718777420618,0.31562498211860657,0
104,0.07338058948516846,0.9194119418031909,0.328125,1
105,0.06749489158391953,0.9189522358322894,0.26875001192092896,1
106,0.05805867165327072,0.9184927597143733,0.2749999761581421,1
107,0.04557415843009949,0.9180335133345161,0.21250000596046448,1
108,0.033276475965976715,0.917574496577849,0.2265625,1
109,0.013568904250860214,0.9171157093295601,0.2718749940395355,1
110,0.013856017962098122,0.9166571514748953,0.24062499403953552,1
111,0.013820058666169643,0.916198822899158,0.27812498807907104,0
112,0.012515485286712646,0.9157407234877085,0.24375000596046448,0
113,0.018214451149106026,0.9152828531259647,0.20156249403953552,1
114,0.026779863983392715,0.9148252116994018,0.1796875,1
115,0.013028987683355808,0.9143677990935521,0.14999999105930328,1
116,0.012912090867757797,0.9139106151940054,0.17656250298023224,1
117,0.00804637186229229,0.9134536598864085,0.19062501192092896,1
118,0.011505182832479477,0.9129969330564653,0.20156249403953552,0
119,0.008252415806055069,0.9125404345899372,0.13124999403953552,1
120,0.20295467972755432,0.9120841643726423,0.2109375,0
121,0.1941375583410263,0.911628122290456,0.24062499403953552,1
122,0.0740228220820427,0.9111723082293108,0.12343750894069672,1
123,0.1015581488609314,0.9107167220751963,0.2890625,1
124,0.02595754712820053,0.9102613637141588,0.19687500596046448,1
125,0.02774379774928093,0.9098062330323018,0.16093750298023224,1
126,0.023764273151755333,0.9093513299157857,0.26249998807907104,0
127,0.06893499195575714,0.9088966542508279,0.18906250596046448,0
128,0.11023445427417755,0.9084422059237025,0.19062501192092896,1
129,0.10015615820884705,0.9079879848207407,0.18593749403953552,1
130,0.0578194297850132,0.9075339908283304,0.17812499403953552,0
131,0.008108670823276043,0.9070802238329163,0.2640624940395355,0
132,0.01199327688664198,0.9066266837209999,0.15156248211860657,1
133,0.021441256627440453,0.9061733703791394,0.19687499105930328,0
134,0.0315072238445282,0.9057202836939499,0.12343750894069672,1
135,0.036647070199251175,0.9052674235521029,0.18281249701976776,1
136,0.03362996503710747,0.9048147898403269,0.14375001192092896,0
137,0.03685826063156128,0.9043623824454068,0.19687500596046448,0
138,0.0337410606443882,0.9039102012541841,0.21718749403953552,1
139,0.017325110733509064,0.9034582461535571,0.23750001192092896,1
140,0.015789128839969635,0.9030065170304803,0.19062501192092896,0
141,0.006058226805180311,0.9025550137719651,0.15312500298023224,1
142,0.009435511194169521,0.9021037362650792,0.27812498807907104,1
143,0.01959407329559326,0.9016526843969468,0.2750000059604645,0
144,0.02189553529024124,0.9012018580547484,0.3359375,1
145,0.01574854739010334,0.900751257125721,0.2984375059604645,0
146,0.022237859666347504,0.9003008814971583,0.1484375,1
147,0.0139091145247221,0.8998507310564098,0.29374998807907104,1
148,0.005645674653351307,0.8994008056908817,0.19062501192092896,0
149,0.00697756465524435,0.8989511052880362,0.22968749701976776,1
150,0.19967256486415863,0.8985016297353923,0.21718749403953552,1
151,0.1891605257987976,0.8980523789205246,0.22343750298023224,0
152,0.12447098642587662,0.8976033527310644,0.26093751192092896,0
153,0.02785768359899521,0.8971545510546989,0.140625,0
154,0.011111296713352203,0.8967059737791716,0.26249998807907104,1
155,0.04207216948270798,0.8962576207922821,0.20625001192092896,1
156,0.09398438036441803,0.895809491981886,0.2562499940395355,1
157,0.09897077083587646,0.8953615872358951,0.2421875,1
158,0.08345652371644974,0.8949139064422772,0.18593750894069672,0
159,0.05289837718009949,0.8944664494890561,0.11249999701976776,1
160,0.005615595728158951,0.8940192162643116,0.21406249701976776,1
161,0.011142667382955551,0.8935722066561794,0.1796875,0
162,0.01765839383006096,0.8931254205528514,0.1328125,1
163,0.044757068157196045,0.8926788578425751,0.2109375,1
164,0.060620471835136414,0.8922325184136538,0.20468749105930328,0
165,0.04417974501848221,0.891786402154447,0.140625,1
166,0.03116181120276451,0.8913405089533699,0.13906249403953552,1
167,0.017815150320529938,0.8908948386988933,0.17031249403953552,1
168,0.00858778040856123,0.8904493912795439,0.13750001788139343,0
169,0.0031361973378807306,0.8900041665839042,0.17031250894069672,1
170,0.029146624729037285,0.8895591645006123,0.1484375,0
171,0.01965094357728958,0.889114384918362,0.19062501192092896,0
172,0.017425717785954475,0.8886698277259029,0.234375,1
173,0.011500299908220768,0.88822549281204,0.17656248807907104,0
174,0.006319544278085232,0.887781380065634,0.18437498807907104,1
175,0.01849822700023651,0.8873374893756012,0.234375,1
176,0.00941737461835146,0.8868938206309135,0.19843751192092896,1
177,0.0026045849081128836,0.8864503737205981,0.0859375,0
178,0.010810241103172302,0.8860071485337379,0.171875,0
179,0.01682162657380104,0.885564144959471,0.19687500596046448,1
180,0.24628916382789612,0.8851213628869913,0.27031248807907104,1
181,0.12240056693553925,0.8846788022055478,0.18437498807907104,0
182,0.04108727350831032,0.8842364628044451,0.14218750596046448,0
183,0.019407279789447784,0.883794344573043,0.1718750149011612,1
184,0.026356907561421394,0.8833524474007565,0.26875001192092896,1
185,0.04758394509553909,0.8829107711770562,0.26093751192092896,1
186,0.07883335649967194,0.8824693157914677,0.15312498807907104,0
187,0.053840942680835724,0.882028081133572,0.15156249701976776,1
188,0.02932230569422245,0.8815870670930053,0.18281249701976776,0
189,0.014200884848833084,0.8811462735594588,0.20156249403953552,1
190,0.019878070801496506,0.8807057004226791,0.0859375,0
191,0.007156389765441418,0.8802653475724679,0.17343750596046448,0
192,0.025643344968557358,0.8798252148986817,0.25468748807907104,1
193,0.0260024294257164,0.8793853022912325,0.1874999850988388,1
194,0.021683532744646072,0.8789456096400869,0.15937499701976776,1
195,0.026082154363393784,0.8785061368352669,0.22500000894069672,1
196,0.018077189102768898,0.8780668837668493,0.16875000298023224,1
197,0.003842230187729001,0.8776278503249659,0.22031249105930328,1
198,0.005213411524891853,0.8771890363998035,0.12343749403953552,1
199,0.01968896947801113,0.8767504418816037,0.23749999701976776,1
200,0.009344149380922318,0.876312066660663,0.1875,0
201,0.015073860995471478,0.8758739106273327,0.15781250596046448,0
202,0.005965733900666237,0.8754359736720191,0.06718750298023224,0
203,0.011222322471439838,0.8749982556851831,0.109375,1
204,0.005392138380557299,0.8745607565573406,0.1484375,1
205,0.013134660199284554,0.8741234761790619,0.14531248807907104,0
206,0.010882046073675156,0.8736864144409725,0.18906250596046448,1
207,0.006600239779800177,0.873249571233752,0.09531250596046448,1
208,0.008622940629720688,0.8728129464481352,0.09843750298023224,0
209,0.014725484885275364,0.8723765399749112,0.12187498807907104,0
210,0.20089071989059448,0.8719403517049238,0.22812500596046448,1
211,0.09333916008472443,0.8715043815290714,0.15937499701976776,1
212,0.034159813076257706,0.8710686293383069,0.12812499701976776,1
213,0.016106054186820984,0.8706330950236377,0.21875,1
214,0.02434309758245945,0.870197778476126,0.26249998807907104,0
215,0.05156543850898743,0.869762679586888,0.13593748211860657,1
216,0.08239805698394775,0.8693277982470946,0.12031250447034836,0
217,0.0448342002928257,0.8688931343479711,0.18437498807907104,0
218,0.05203978344798088,0.8684586877807972,0.16562500596046448,0
219,0.009252956137061119,0.8680244584369068,0.09531250596046448,0
220,0.0049479128792881966,0.8675904462076884,0.12656250596046448,1
221,0.010867580771446228,0.8671566509845846,0.10781250149011612,0
222,0.024275947362184525,0.8667230726590923,0.16093750298023224,0
223,0.03564192354679108,0.8662897111227629,0.20000000298023224,0
224,0.021678805351257324,0.8658565662672015,0.1640625,1
225,0.01727556250989437,0.865423637984068,0.17343750596046448,0
226,0.005792047828435898,0.864990926165076,0.11562500894069672,1
227,0.003947710618376732,0.8645584307019936,0.16249999403953552,0
228,0.010460499674081802,0.8641261514866426,0.22812500596046448,1
229,0.007165143731981516,0.8636940884108993,0.13749998807907104,1
230,0.0165620855987072,0.8632622413666939,0.12031250447034836,1
231,0.019752291962504387,0.8628306102460106,0.078125,0
232,0.02592688798904419,0.8623991949408877,0.14687500894069672,1
233,0.008622666820883751,0.8619679953434173,0.16562499105930328,1
234,0.004677032120525837,0.8615370113457457,0.21250000596046448,0
235,0.004185895901173353,0.8611062428400729,0.2718749940395355,0
236,0.01024989876896143,0.8606756897186528,0.12031250447034836,0
237,0.006836928892880678,0.8602453518737936,0.08749999850988388,1
238,0.019502855837345123,0.8598152291978567,0.16874998807907104,1
239,0.014758126810193062,0.8593853215832578,0.10312500596046448,1
240,0.1421089917421341,0.8589556289224661,0.17499999701976776,1
241,0.11670360714197159,0.8585261511080049,0.20468749105930328,0
242,0.040864184498786926,0.858096888032451,0.2031250149011612,0
243,0.009369054809212685,0.8576678395884348,0.17499999701976776,1
244,0.047425467520952225,0.8572390056686406,0.14375001192092896,1
245,0.08324307203292847,0.8568103861658064,0.17499999701976776,0
246,0.06833499670028687,0.8563819809727236,0.09375,1
247,0.05492694675922394,0.8559537899822373,0.15468749403953552,1
248,0.019368823617696762,0.8555258130872462,0.12968750298023224,1
249,0.008824308402836323,0.8550980501807026,0.1562500149011612,0
250,0.015257498249411583,0.8546705011556123,0.19999998807907104,1
251,0.01656210795044899,0.8542431659050345,0.09062500298023224,0
252,0.024084266275167465,0.853816044322082,0.06406249850988388,0
253,0.03858804702758789,0.8533891362999211,0.13750000298023224,0
254,0.0357695072889328,0.8529624417317712,0.13593751192092896,1
255,0.02646009251475334,0.8525359605109053,0.18281249701976776,0
256,0.011753667145967484,0.8521096925306499,0.13437500596046448,0
257,0.0063990154303610325,0.8516836376843847,0.0859375,0
258,0.012169048190116882,0.8512577958655425,0.13593749701976776,1
259,0.027943003922700882,0.8508321669676098,0.18593749403953552,1
260,0.012958941049873829,0.850406750884126,0.12968750298023224,0
261,0.02368549257516861,0.8499815475086839,0.1015625,0
262,0.0066109346225857735,0.8495565567349297,0.09687499701976776,1
263,0.0036403313279151917,0.8491317784565623,0.16249999403953552,0
264,0.002457964699715376,0.8487072125673341,0.1640625,1
265,0.004150992725044489,0.8482828589610505,0.13593751192092896,1
266,0.005540125072002411,0.84785871753157,0.1796874850988388,1
267,0.009428147226572037,0.8474347881728043,0.10000000149011612,1
268,0.009605685248970985,0.847011070778718,0.09375,1
269,0.007392726838588715,0.8465875652433287,0.1640625,1
270,0.18123681843280792,0.846164271460707,0.20781250298023224,1
271,0.042881157249212265,0.8457411893249768,0.07187499850988388,1
272,0.023466313257813454,0.8453183187303144,0.18437500298023224,0
273,0.006587652489542961,0.8448956595709493,0.12656250596046448,0
274,0.05232460796833038,0.8444732117411639,0.09062499552965164,0
275,0.050521448254585266,0.8440509751352934,0.05156250298023224,1
276,0.1327587366104126,0.8436289496477257,0.1015625,0
277,0.11128448694944382,0.8432071351729019,0.20781248807907104,0
278,0.035840630531311035,0.8427855316053156,0.15625,1
279,0.005449669435620308,0.8423641388395129,0.17656250298023224,1
280,0.021009031683206558,0.8419429567700932,0.11562500149011612,0
281,0.05208089202642441,0.8415219852917082,0.15156249701976776,0
282,0.06803273409605026,0.8411012242990624,0.17500001192092896,1
283,0.04561664164066315,0.8406806736869129,0.11093750596046448,1
284,0.03207475319504738,0.8402603333500694,0.11562499403953552,1
285,0.01173455361276865,0.8398402031833945,0.11406250298023224,0
286,0.012220995500683784,0.8394202830818028,0.22343750298023224,1
287,0.02923133596777916,0.839000572940262,0.07656249403953552,1
288,0.022233597934246063,0.8385810726537919,0.08906250447034836,0
289,0.03402059152722359,0.8381617821174651,0.203125,1
290,0.031185412779450417,0.8377427012264064,0.10468749701976776,1
291,0.0066258227452635765,0.8373238298757932,0.16562500596046448,0
292,0.008093710988759995,0.8369051679608553,0.16093748807907104,1
293,0.006682666018605232,0.8364867153768749,0.109375,0
294,0.018494822084903717,0.8360684720191865,0.13437499105930328,1
295,0.011449158191680908,0.835650437783177,0.13437500596046448,1
296,0.012105120345950127,0.8352326125642855,0.12812499701976776,1
297,0.00676556583493948,0.8348149962580034,0.14218750596046448,0
298,0.007980170659720898,0.8343975887598745,0.17656248807907104,1
299,0.005949263460934162,0.8339803899654946,0.12968750298023224,1
300,0.08743169158697128,0.833563399770512,0.10312499850988388,0
301,0.07459919899702072,0.8331466180706267,0.14218750596046448,1
302,0.01317987684160471,0.8327300447615915,0.08437500149011612,1
303,0.01206807792186737,0.8323136797392108,0.11562500894069672,1
304,0.056159019470214844,0.8318975228993413,0.17343749105930328,1
305,0.07411547005176544,0.8314815741378917,0.17343750596046448,1
306,0.03820359706878662,0.8310658333508228,0.10625000298023224,0
307,0.046824391931295395,0.8306503004341474,0.22812500596046448,1
308,0.0017037215875461698,0.8302349752839304,0.1484375,1
309,0.00895707681775093,0.8298198577962885,0.09687500447034836,0
310,0.024929234758019447,0.8294049478673904,0.16562500596046448,0
311,0.03220834210515022,0.8289902453934568,0.12031249701976776,0
312,0.030140645802021027,0.8285757502707601,0.10312500596046448,1
313,0.023192280903458595,0.8281614623956248,0.1171875074505806,0
314,0.0159278754144907,0.8277473816644271,0.1484375,0
315,0.00255764601752162,0.827333507973595,0.16875000298023224,1
316,0.0018262718804180622,0.8269198412196082,0.12812499701976776,1
317,0.02001965045928955,0.8265063812989984,0.09687500447034836,1
318,0.029660668224096298,0.826093128108349,0.1328125,1
319,0.03542543575167656,0.8256800815442948,0.1796874850988388,1
320,0.018473094329237938,0.8252672415035227,0.19218750298023224,1
321,0.00756757240742445,0.824854607882771,0.14531248807907104,1
322,0.0068998378701508045,0.8244421805788297,0.09218749403953552,1
323,0.01322262641042471,0.8240299594885403,0.12656250596046448,1
324,0.013224785216152668,0.8236179445087961,0.09843750298023224,1
325,0.02463635429739952,0.8232061355365418,0.11562500149011612,0
326,0.023032141849398613,0.8227945324687735,0.18125000596046448,1
327,0.007535587064921856,0.8223831352025393,0.08906250447034836,1
328,0.0012935197446495295,0.821971943634938,0.13125000894069672,0
329,0.010578731074929237,0.8215609576631205,0.11093749850988388,0
330,0.12457996606826782,0.8211501771842891,0.1484375,1
331,0.055253297090530396,0.820739602095697,0.13749998807907104,1
332,0.010741309262812138,0.8203292322946492,0.171875,1
333,0.027066709473729134,0.8199190676785019,0.16718751192092896,0
334,0.05262067914009094,0.8195091081446627,0.1328125,1
335,0.04611888527870178,0.8190993535905904,0.06562500447034836,0
336,0.07228538393974304,0.8186898039137951,0.09062500298023224,1
337,0.04696333035826683,0.8182804590118382,0.09687499701976776,1
338,0.01978250779211521,0.8178713187823323,0.1875,1
339,0.013682941906154156,0.8174623831229412,0.14687499403953552,1
340,0.026107650250196457,0.8170536519313798,0.109375,0
341,0.0504460372030735,0.8166451251054142,0.13750000298023224,1
342,0.03589245676994324,0.8162368025428616,0.0624999962747097,1
343,0.05821092426776886,0.8158286841415902,0.17656250298023224,1
0,0.4787723124027252,0.9684988314739038,0.4453125,0
1,0.4697222411632538,0.9680145820581669,0.5265624523162842,1
2,0.3690149784088135,0.9675305747671379,0.47187501192092896,1
3,0.19177359342575073,0.9670468094797544,0.2874999940395355,0
4,0.22448761761188507,0.9665632860750146,0.4046875238418579,1
5,0.21095061302185059,0.9660800044319772,0.4515625238418579,1
6,0.17614050209522247,0.9655969644297613,0.46562498807907104,0
7,0.14018592238426208,0.9651141659475465,0.40156248211860657,1
8,0.12202444672584534,0.9646316088645728,0.3921875059604645,1
9,0.14995677769184113,0.9641492930601405,0.3828125,1
10,0.1517362743616104,0.9636672184136105,0.36562496423721313,1
11,0.07932142913341522,0.9631853848044037,0.44218748807907104,1
12,0.0907667726278305,0.9627037921120016,0.35468748211860657,1
13,0.08710251748561859,0.9622224402159457,0.34687501192092896,0
14,0.05934111028909683,0.9617413289958378,0.265625,1
15,0.06884004175662994,0.9612604583313399,0.41874998807907104,1
16,0.0506465807557106,0.9607798281021742,0.3203125,1
17,0.04011610522866249,0.9602994381881231,0.3671875,1
18,0.030223816633224487,0.9598192884690291,0.35468748211860657,1
19,0.04079897701740265,0.9593393788247946,0.4375,0
20,0.02336176671087742,0.9588597091353822,0.26249998807907104,1
21,0.01679435558617115,0.9583802792808146,0.34375,1
22,0.01806318387389183,0.9579010891411742,0.3578125238418579,1
23,0.01224946416914463,0.9574221385966036,0.4546875059604645,1
24,0.011429151520133018,0.9569434275273054,0.390625,1
25,0.019572969526052475,0.9564649558135419,0.20156250894069672,1
26,0.013148004189133644,0.9559867233356352,0.390625,1
27,0.019060038030147552,0.9555087299739674,0.4765625,1
28,0.008432405069470406,0.9550309756089804,0.2421875149011612,0
29,0.01472463272511959,0.954553460121176,0.504687488079071,0
30,0.2836253345012665,0.9540761833911156,0.3031250238418579,0
31,0.29328015446662903,0.95359914529942,0.3374999761581421,1
32,0.15655063092708588,0.9531223457267703,0.2890625,0
33,0.11297262459993362,0.952645784553907,0.3187499940395355,0
34,0.06185341998934746,0.9521694616616301,0.3375000059604645,1
35,0.050118960440158844,0.9516933769307994,0.3203125,1
36,0.05484597012400627,0.951217530242334,0.2874999940395355,1
37,0.08518657088279724,0.9507419214772129,0.3421874940395355,0
38,0.05891477316617966,0.9502665505164744,0.4124999940395355,1
39,0.04203006625175476,0.9497914172412162,0.31562501192092896,1
40,0.04258526489138603,0.9493165215325956,0.31562498211860657,1
41,0.03437168151140213,0.9488418632718294,0.21250000596046448,1
42,0.003106974996626377,0.9483674423401935,0.2828125059604645,1
43,0.004893526900559664,0.9478932586190235,0.2796875238418579,0
44,0.021439068019390106,0.9474193119897141,0.40156248211860657,1
45,0.02060338854789734,0.9469456023337193,0.30781251192092896,1
46,0.018872208893299103,0.9464721295325524,0.265625,1
47,0.023756330832839012,0.9459988934677862,0.18437500298023224,1
48,0.01955675706267357,0.9455258940210524,0.34062498807907104,0
49,0.02309146337211132,0.9450531310740419,0.25,0
50,0.01714528724551201,0.9445806045085049,0.1640625,0
51,0.00875356886535883,0.9441083142062507,0.2640624940395355,1
52,0.00900830514729023,0.9436362600491477,0.22031250596046448,1
53,0.005999645218253136,0.9431644419191232,0.28437501192092896,1
54,0.00675218366086483,0.9426928596981636,0.24687498807907104,0
55,0.00786774791777134,0.9422215132683146,0.18125000596046448,0
56,0.0051294234581291676,0.9417504025116805,0.1953125,0
57,0.00815027579665184,0.9412795273104247,0.15625,0
58,0.007833721116185188,0.9408088875467696,0.24375000596046448,1
59,0.015550660900771618,0.9403384831029963,0.30937498807907104,0
60,0.27540984749794006,0.9398683138614449,0.28437501192092896,0
61,0.29399576783180237,0.9393983797045142,0.3671875,1
62,0.12682923674583435,0.938928680514662,0.23750001192092896,1
63,0.04392270743846893,0.9384592161744048,0.14687500894069672,0
64,0.02355698123574257,0.9379899865663176,0.20000000298023224,1
65,0.012208974920213223,0.9375209915730345,0.12187499552965164,1
66,0.07471068203449249,0.937052231077248,0.32343751192092896,1
67,0.06774531304836273,0.9365837049617094,0.3062499761581421,1
68,0.07096163928508759,0.9361154131092286,0.19062499701976776,0
69,0.05418621003627777,0.9356473554026741,0.26249998807907104,1
70,0.03306715935468674,0.9351795317249728,0.20468750596046448,1
71,0.010199956595897675,0.9347119419591103,0.23906250298023224,0
72,0.01773291826248169,0.9342445859881309,0.24843749403953552,1
73,0.0035220670979470015,0.9337774636951368,0.24843749403953552,1
74,0.018302269279956818,0.9333105749632893,0.2562499940395355,0
75,0.02787143364548683,0.9328439196758077,0.3187500238418579,1
76,0.02883826568722725,0.9323774977159699,0.25,0
77,0.02921867184340954,0.9319113089671119,0.2515625059604645,1
78,0.017657967284321785,0.9314453533126285,0.22812500596046448,0
79,0.01665480062365532,0.9309796306359722,0.24843750894069672,1
80,0.006385589484125376,0.9305141408206543,0.13124999403953552,0
81,0.0045278314501047134,0.9300488837502441,0.19062498211860657,0
82,0.010092804208397865,0.9295838593083691,0.296875,1
83,0.0076745906844735146,0.929119067378715,0.25312501192092896,1
84,0.008784729056060314,0.9286545078450257,0.16718749701976776,0
85,0.012285690754652023,0.9281901805911033,0.30312496423721313,1
86,0.003897055983543396,0.9277260855008077,0.15312498807907104,1
87,0.004475518129765987,0.9272622224580573,0.19218750298023224,0
88,0.0025276602245867252,0.9267985913468284,0.14374998211860657,1
89,0.0019827985670417547,0.926335192051155,0.14218749105930328,0
90,0.23462504148483276,0.9258720244551295,0.22031250596046448,1
91,0.19871710240840912,0.925409088442902,0.21562501788139343,1
92,0.0951373428106308,0.9249463838986807,0.19999998807907104,1
93,0.0772624984383583,0.9244839107067314,0.3421874940395355,1
94,0.013290425762534142,0.9240216687513781,0.1875,0
95,0.03578812628984451,0.9235596579170025,0.13750001788139343,1
96,0.08705124258995056,0.923097878088044,0.23906250298023224,0
97,0.06831289827823639,0.9226363291490001,0.203125,0
98,0.0738905519247055,0.9221750109844257,0.15468749403953552,1
99,0.04698006436228752,0.9217139234789336,0.17031249403953552,1
100,0.06995482742786407,0.9212530665171942,0.2593749761581421,0
101,0.026505976915359497,0.9207924399839357,0.2828125059604645,0
102,0.004114362411201,0.9203320437639437,0.19062499701976776,1
103,0.01879965513944626,0.9198718777420618,0.15781250596046448,0
104,0.03482386842370033,0.9194119418031909,0.18125000596046448,1
105,0.04422277584671974,0.9189522358322894,0.18906249105930328,1
106,0.05705021694302559,0.9184927597143733,0.2421874850988388,1
107,0.03341451287269592,0.9180335133345161,0.11249999701976776,1
108,0.03269166871905327,0.917574496577849,0.18437500298023224,1
109,0.021856514737010002,0.9171157093295601,0.21406248211860657,1
110,0.006273171864449978,0.9166571514748953,0.17656250298023224,1
111,0.0029281149618327618,0.916198822899158,0.234375,0
112,0.004377681761980057,0.9157407234877085,0.2031250149011612,1
113,0.031427137553691864,0.9152828531259647,0.25312501192092896,0
114,0.015217529609799385,0.9148252116994018,0.2640624940395355,1
115,0.019963914528489113,0.9143677990935521,0.21875,0
116,0.017355579882860184,0.9139106151940054,0.171875,0
117,0.006131726782768965,0.9134536598864085,0.234375,0
118,0.0075501855462789536,0.9129969330564653,0.17499999701976776,1
119,0.005010354332625866,0.9125404345899372,0.24531249701976776,1
120,0.1560085564851761,0.9120841643726423,0.16874998807907104,1
121,0.19504031538963318,0.911628122290456,0.22499999403953552,1
122,0.13405746221542358,0.9111723082293108,0.21250000596046448,1
123,0.06090196967124939,0.9107167220751963,0.1718749850988388,0
124,0.010822475887835026,0.9102613637141588,0.18124999105930328,0
125,0.013256360776722431,0.9098062330323018,0.22812500596046448,1
126,0.026238825172185898,0.9093513299157857,0.16093748807907104,1
127,0.04492653161287308,0.9088966542508279,0.1328125,1
128,0.13743461668491364,0.9084422059237025,0.25,1
129,0.09478326886892319,0.9079879848207407,0.12031249701976776,1
130,0.028607578948140144,0.9075339908283304,0.078125,1
131,0.021526191383600235,0.9070802238329163,0.11874999105930328,0
132,0.0038784716743975878,0.9066266837209999,0.21562500298023224,1
0,0.5937119126319885,0.9684988314739038,0.4828124940395355,1
1,0.5011212825775146,0.9680145820581669,0.520312488079071,1
2,0.36881598830223083,0.9675305747671379,0.47187498211860657,1
3,0.24603161215782166,0.9670468094797544,0.3687499761581421,1
4,0.2304198145866394,0.9665632860750146,0.43437501788139343,1
5,0.21371245384216309,0.9660800044319772,0.5390625,0
6,0.1874312162399292,0.9655969644297613,0.38749998807907104,0
7,0.1736844778060913,0.9651141659475465,0.5203125476837158,1
8,0.18434427678585052,0.9646316088645728,0.44374996423721313,1
9,0.19478127360343933,0.9641492930601405,0.4296874701976776,1
10,0.14184948801994324,0.9636672184136105,0.49687498807907104,1
11,0.1728280484676361,0.9631853848044037,0.4468750059604645,1
12,0.11117107421159744,0.9627037921120016,0.3593749701976776,0
13,0.1248944103717804,0.9622224402159457,0.3578124940395355,1
14,0.11167730391025543,0.9617413289958378,0.39531248807907104,0
15,0.10048099607229233,0.9612604583313399,0.4437499940395355,0
0,0.5064456462860107,0.9684988314739038,0.49687501788139343,1
1,0.3678853511810303,0.9680145820581669,0.4468749761581421,1
2,0.27930665016174316,0.9675305747671379,0.41249996423721313,1
3,0.20165172219276428,0.9670468094797544,0.3609375059604645,0
4,0.1642834097146988,0.9665632860750146,0.3578124940395355,1
5,0.1354297548532486,0.9660800044319772,0.3515624701976776,1
6,0.1420615017414093,0.9655969644297613,0.30781248211860657,0
7,0.11408790200948715,0.9651141659475465,0.4312500059604645,1
8,0.16868141293525696,0.9646316088645728,0.40312498807907104,1
9,0.11452804505825043,0.9641492930601405,0.37812501192092896,1
10,0.10374762117862701,0.9636672184136105,0.24687498807907104,1
11,0.08016695827245712,0.9631853848044037,0.40625,1
12,0.05722256749868393,0.9627037921120016,0.29374998807907104,0
13,0.0630844384431839,0.9622224402159457,0.3671875,1
14,0.03994451463222504,0.9617413289958378,0.26874998211860657,0
15,0.0486709363758564,0.9612604583313399,0.46406251192092896,0
16,0.032625868916511536,0.9607798281021742,0.35624998807907104,1
17,0.033894434571266174,0.9602994381881231,0.45781248807907104,0
18,0.022946279495954514,0.9598192884690291,0.3375000059604645,0
19,0.015071009285748005,0.9593393788247946,0.4453125,1
20,0.005519019439816475,0.9588597091353822,0.25468748807907104,0
21,0.004685238469392061,0.9583802792808146,0.3734374940395355,1
22,0.02128719352185726,0.9579010891411742,0.2906250059604645,0
23,0.021420422941446304,0.9574221385966036,0.3984375,0
24,0.01707693189382553,0.9569434275273054,0.2562500238418579,0
25,0.008200550451874733,0.9564649558135419,0.375,0
26,0.019493505358695984,0.9559867233356352,0.4750000238418579,1
27,0.009873898699879646,0.9555087299739674,0.4140625,1
28,0.009778298437595367,0.9550309756089804,0.3812500238418579,0
29,0.00991197768598795,0.954553460121176,0.38906246423721313,1
30,0.31971660256385803,0.9540761833911156,0.3125,0
31,0.19958454370498657,0.95359914529942,0.2515625059604645,0
32,0.2370912879705429,0.9531223457267703,0.34843748807907104,0
33,0.14638249576091766,0.952645784553907,0.37968748807907104,0
34,0.04811110347509384,0.9521694616616301,0.20468750596046448,1
35,0.032846663147211075,0.9516933769307994,0.3187500238418579,1
36,0.03807057440280914,0.951217530242334,0.30937501788139343,1
37,0.08254235982894897,0.9507419214772129,0.3499999940395355,0
38,0.13982544839382172,0.9502665505164744,0.2343749850988388,0
39,0.06139357388019562,0.9497914172412162,0.34375,0
40,0.03777703270316124,0.9493165215325956,0.34375,1
41,0.03292063996195793,0.9488418632718294,0.1718750149011612,1
42,0.02184649184346199,0.9483674423401935,0.37343746423721313,1
43,0.005197661463171244,0.9478932586190235,0.3375000059604645,1
44,0.00955298449844122,0.9474193119897141,0.328125,1
45,0.016237974166870117,0.9469456023337193,0.2734375,0
46,0.03333290293812752,0.9464721295325524,0.38749998807907104,1
47,0.026187356561422348,0.9459988934677862,0.2671875059604645,0
48,0.018889199942350388,0.9455258940210524,0.20156249403953552,0
49,0.01530490256845951,0.9450531310740419,0.2828124761581421,0
50,0.016616716980934143,0.9445806045085049,0.20468750596046448,0
51,0.010185332968831062,0.9441083142062507,0.2734375,1
52,0.006227138452231884,0.9436362600491477,0.234375,1
53,0.004577807150781155,0.9431644419191232,0.17812499403953552,1
54,0.009258932434022427,0.9426928596981636,0.2578125,1
55,0.006325370632112026,0.9422215132683146,0.12968750298023224,0
56,0.017548244446516037,0.9417504025116805,0.28437501192092896,1
57,0.01354016363620758,0.9412795273104247,0.3140624761581421,1
58,0.01130281388759613,0.9408088875467696,0.3125,1
59,0.016401762142777443,0.9403384831029963,0.26093751192092896,1
60,0.24209889769554138,0.9398683138614449,0.23906250298023224,0
61,0.2204292118549347,0.9393983797045142,0.26875001192092896,0
62,0.23027971386909485,0.938928680514662,0.33124998211860657,1
63,0.09730155766010284,0.9384592161744048,0.27656251192092896,0
64,0.03416340425610542,0.9379899865663176,0.2984375059604645,1
65,0.017169976606965065,0.9375209915730345,0.20156249403953552,0
66,0.05392071604728699,0.937052231077248,0.44999998807907104,1
67,0.05556446313858032,0.9365837049617094,0.18124999105930328,0
68,0.1705862283706665,0.9361154131092286,0.27656248211860657,1
69,0.08019077777862549,0.9356473554026741,0.24531248211860657,0
70,0.05166175588965416,0.9351795317249728,0.22812500596046448,1
71,0.03585663437843323,0.9347119419591103,0.2578125,1
72,0.006696207448840141,0.9342445859881309,0.2031249850988388,1
73,0.0024224913213402033,0.9337774636951368,0.2031249850988388,1
74,0.015619751997292042,0.9333105749632893,0.14687500894069672,0
75,0.021581433713436127,0.9328439196758077,0.1874999701976776,1
76,0.04274443909525871,0.9323774977159699,0.2593749761581421,1
77,0.04869315028190613,0.9319113089671119,0.25,1
78,0.040330998599529266,0.9314453533126285,0.22968751192092896,1
79,0.03239044174551964,0.9309796306359722,0.25468748807907104,1
80,0.01985868439078331,0.9305141408206543,0.27656251192092896,1
81,0.009701505303382874,0.9300488837502441,0.25,0
82,0.006382602266967297,0.9295838593083691,0.22812500596046448,1
83,0.007197760045528412,0.929119067378715,0.2796875238418579,0
84,0.005253853276371956,0.9286545078450257,0.26249998807907104,1
85,0.014918796718120575,0.9281901805911033,0.22031250596046448,1
86,0.017637934535741806,0.9277260855008077,0.16093750298023224,1
87,0.027754420414566994,0.9272622224580573,0.22500000894069672,1
88,0.015881121158599854,0.9267985913468284,0.3125,1
89,0.010046523995697498,0.926335192051155,0.28125,1
90,0.32801082730293274,0.9258720244551295,0.3531249761581421,1
91,0.17508724331855774,0.925409088442902,0.22968749701976776,0
92,0.15012229979038239,0.9249463838986807,0.2578125,1
93,0.03537933900952339,0.9244839107067314,0.15781250596046448,0
94,0.019642047584056854,0.9240216687513781,0.17656250298023224,0
95,0.020645858719944954,0.9235596579170025,0.25468748807907104,0
96,0.031150465831160545,0.923097878088044,0.17343750596046448,1
97,0.06978993117809296,0.9226363291490001,0.18593750894069672,1
98,0.05825841426849365,0.9221750109844257,0.1562499850988388,0
99,0.10538963973522186,0.9217139234789336,0.2187499850988388,0
100,0.03553494065999985,0.9212530665171942,0.1015624925494194,0
101,0.020549483597278595,0.9207924399839357,0.17031249403953552,1
102,0.008825533092021942,0.9203320437639437,0.23593750596046448,1
103,0.008655237965285778,0.9198718777420618,0.15625,0
104,0.007921721786260605,0.9194119418031909,0.1171875,1
105,0.016924183815717697,0.9189522358322894,0.23906248807907104,0
106,0.02941179648041725,0.9184927597143733,0.22187501192092896,1
107,0.03407001495361328,0.9180335133345161,0.2734375,1
108,0.015556967817246914,0.917574496577849,0.140625,0
109,0.011853338219225407,0.9171157093295601,0.12812499701976776,0
110,0.009549938142299652,0.9166571514748953,0.13593749701976776,1
111,0.003971945960074663,0.916198822899158,0.20156249403953552,0
112,0.002504546893760562,0.9157407234877085,0.17031249403953552,1
113,0.0040902928449213505,0.9152828531259647,0.22499999403953552,1
114,0.009157891385257244,0.9148252116994018,0.18437498807907104,0
115,0.012441016733646393,0.9143677990935521,0.23593750596046448,1
116,0.014028812758624554,0.9139106151940054,0.18281251192092896,1
117,0.00870687048882246,0.9134536598864085,0.19374999403953552,0
118,0.004398671444505453,0.9129969330564653,0.1562499850988388,0
119,0.0040770540945231915,0.9125404345899372,0.23906248807907104,1
120,0.20941254496574402,0.9120841643726423,0.22500000894069672,0
121,0.12850697338581085,0.911628122290456,0.15625,1
122,0.08456811308860779,0.9111723082293108,0.14687500894069672,1
123,0.04703677073121071,0.9107167220751963,0.171875,1
124,0.016201775521039963,0.9102613637141588,0.24687498807907104,1
125,0.0008761807112023234,0.9098062330323018,0.19374999403953552,0
126,0.03035043552517891,0.9093513299157857,0.19374999403953552,0
127,0.027979707345366478,0.9088966542508279,0.06718750298023224,0
128,0.09319032728672028,0.9084422059237025,0.22812500596046448,1
129,0.07306946814060211,0.9079879848207407,0.11406248807907104,0
130,0.031162982806563377,0.9075339908283304,0.08124999701976776,1
131,0.05060684680938721,0.9070802238329163,0.31562498211860657,0
132,0.006983072031289339,0.9066266837209999,0.28437501192092896,0
133,0.006866144947707653,0.9061733703791394,0.17031249403953552,1
134,0.014203209429979324,0.9057202836939499,0.12031250447034836,1
135,0.041782088577747345,0.9052674235521029,0.20000000298023224,0
136,0.07084878534078598,0.9048147898403269,0.23281249403953552,0
137,0.03907894715666771,0.9043623824454068,0.18437500298023224,0
138,0.046042174100875854,0.9039102012541841,0.234375,0
139,0.020053377375006676,0.9034582461535571,0.19687499105930328,0
140,0.010176533833146095,0.9030065170304803,0.22968748211860657,0
141,0.0021035252138972282,0.9025550137719651,0.22031250596046448,1
142,0.008156310766935349,0.9021037362650792,0.17812500894069672,0
143,0.024761758744716644,0.9016526843969468,0.13750000298023224,1
144,0.039032042026519775,0.9012018580547484,0.22031250596046448,0
145,0.026045573875308037,0.900751257125721,0.109375,1
146,0.025195447728037834,0.9003008814971583,0.18281251192092896,1
147,0.013727445155382156,0.8998507310564098,0.14687500894069672,0
148,0.0015794814098626375,0.8994008056908817,0.12187500298023224,1
149,0.0028151499573141336,0.8989511052880362,0.13749998807907104,0
0,0.9989451169967651,0.9684988314739038,1.0,0
1,0.8119217753410339,0.9680145820581669,0.9515625238418579,0
2,0.6941252946853638,0.9675305747671379,0.965624988079071,0
3,0.5687390565872192,0.9670468094797544,0.971875011920929,0
4,0.465628445148468,0.9665632860750146,0.9828125238418579,0
5,0.35848739743232727,0.9660800044319772,0.96875,0
6,0.28830206394195557,0.9655969644297613,0.9515625238418579,0
7,0.128229022026062,0.9651141659475465,0.9859374761581421,0
8,0.09121102094650269,0.9646316088645728,0.9375,0
9,0.06477180123329163,0.9641492930601405,0.9859374761581421,0
10,0.06489084661006927,0.9636672184136105,0.9406249523162842,1
11,0.09698884189128876,0.9631853848044037,0.96875,0
12,0.10911668092012405,0.9627037921120016,0.9859374761581421,0
13,0.13545647263526917,0.9622224402159457,0.96875,1
14,0.10182151198387146,0.9617413289958378,0.9859374761581421,0
15,0.11153057217597961,0.9612604583313399,0.9515625238418579,0
16,0.052732110023498535,0.9607798281021742,0.96875,0
17,0.019281499087810516,0.9602994381881231,0.9859374761581421,0
18,0.013768870383501053,0.9598192884690291,0.9828125238418579,0
19,0.0062740701250731945,0.9593393788247946,1.0,0
20,0.028320834040641785,0.9588597091353822,0.9859374761581421,0
21,0.03808002918958664,0.9583802792808146,0.9859374761581421,0
22,0.04779547452926636,0.9579010891411742,0.9859374761581421,0
23,0.08184568583965302,0.9574221385966036,0.9406249523162842,0
24,0.07586318254470825,0.9569434275273054,0.9406249523162842,0
25,0.046044930815696716,0.9564649558135419,0.96875,0
26,0.03502718359231949,0.9559867233356352,0.965624988079071,1
27,0.031024472787976265,0.9555087299739674,0.971875011920929,0
28,0.013785330578684807,0.9550309756089804,0.9859374761581421,0
29,0.03174377232789993,0.954553460121176,0.957812488079071,0
30,0.9333621859550476,0.9540761833911156,0.9546874761581421,0
31,0.8061801791191101,0.95359914529942,1.0,0
32,0.5780675411224365,0.9531223457267703,0.9828125238418579,0
33,0.35735082626342773,0.952645784553907,0.9828125238418579,0
34,0.16938963532447815,0.9521694616616301,0.9515625238418579,0
35,0.054827816784381866,0.9516933769307994,1.0,0
36,0.05273519083857536,0.951217530242334,1.0,0
37,0.1366652250289917,0.9507419214772129,0.9546874761581421,0
38,0.3021973967552185,0.9502665505164744,0.9484374523162842,0
39,0.28828632831573486,0.9497914172412162,1.0,1
40,0.26243627071380615,0.9493165215325956,0.971875011920929,0
41,0.1959323287010193,0.9488418632718294,0.9828125238418579,0
42,0.0943358987569809,0.9483674423401935,1.0,0
43,0.03460688889026642,0.9478932586190235,0.9859374761581421,0
44,0.002420589793473482,0.9474193119897141,1.0,0
45,0.025567766278982162,0.9469456023337193,0.96875,0
46,0.04784514009952545,0.9464721295325524,0.971875011920929,0
47,0.07788126170635223,0.9459988934677862,0.9718749523162842,1
48,0.09932370483875275,0.9455258940210524,0.9828125238418579,0
49,0.0986478179693222,0.9450531310740419,1.0,0
50,0.09246253967285156,0.9445806045085049,1.0,0
51,0.06491096317768097,0.9441083142062507,1.0,0
0,1.0130095481872559,0.9684988314739038,1.0,0
1,0.8372170925140381,0.9680145820581669,0.9718749523162842,0
2,0.7070961594581604,0.9675305747671379,0.9859374761581421,0
3,0.6326305270195007,0.9670468094797544,0.9828125238418579,0
4,0.4910004436969757,0.9665632860750146,0.9859374761581421,1
5,0.35013580322265625,0.9660800044319772,0.9406249523162842,0
6,0.29686442017555237,0.9655969644297613,0.971875011920929,0
7,0.22119081020355225,0.9651141659475465,0.9859374761581421,0
8,0.13459493219852448,0.9646316088645728,1.0,0
9,0.0613565668463707,0.9641492930601405,1.0,0
10,0.08901719748973846,0.9636672184136105,0.9828125238418579,0
11,0.06262697279453278,0.9631853848044037,1.0,1
12,0.09524693340063095,0.9627037921120016,0.9828125238418579,0
13,0.10406997799873352,0.9622224402159457,1.0,0
14,0.17241358757019043,0.9617413289958378,0.9656250476837158,1
15,0.12756283581256866,0.9612604583313399,0.9828125238418579,0
16,0.0833488255739212,0.9607798281021742,0.9859374761581421,0
17,0.0701502189040184,0.9602994381881231,0.957812488079071,0
